security_id,action_code,event_date,record_date,payment_date,old_value,new_value,adjustment_factor,confidence_score,confidence_flag,_source_file,_extracted_date,_quality_issues,_manual_review_required
2321.0,DIVIDEND,2026-05-29,2026-05-29,,5.0,,,1.0,HIGH,nse_symbols_consolidated.csv,2026-08-26,,False
2558.0,CAPITAL_REDUCTION,2026-05-29,2026-05-29,,1.0,,,1.0,HIGH,nse_symbols_consolidated.csv,2026-08-26,,False
,DIVIDEND,2026-05-29,2026-05-29,,1.0,,,0.7,MEDIUM,nse_symbols_consolidated.csv,2026-08-26,UNRESOLVED_SYMBOL,False
985.0,DIVIDEND,2026-05-29,2026-05-29,,10.0,,,1.0,HIGH,nse_symbols_consolidated.csv,2026-08-26,,False
964.0,DIVIDEND,2026-05-29,2026-05-29,,2.0,,,1.0,HIGH,nse_symbols_consolidated.csv,2026-08-26,,False
1977.0,DIVIDEND,2026-05-29,2026-05-29,,5.0,,,1.0,HIGH,nse_symbols_consolidated.csv,2026-08-26,,False
422.0,DIVIDEND,2026-05-29,2026-05-30,,2.0,,,1.0,HIGH,nse_symbols_consolidated.csv,2026-08-26,,False
585.0,CAPITAL_REDUCTION,2026-05-29,2026-05-29,,2.0,,,1.0,HIGH,nse_symbols_consolidated.csv,2026-08-26,,False
533.0,CAPITAL_REDUCTION,2026-05-29,2026-05-29,,10.0,,,1.0,HIGH,nse_symbols_consolidated.csv,2026-08-26,,False
2392.0,DIVIDEND,2026-05-29,2026-05-29,,2.0,,,1.0,HIGH,nse_symbols_consolidated.csv,2026-08-26,,False
270.0,DIVIDEND,2026-05-29,2026-05-29,,10.0,,,1.0,HIGH,nse_symbols_consolidated.csv,2026-08-26,,False
694.0,DIVIDEND,2026-05-29,2026-05-29,,1.0,,,1.0,HIGH,nse_symbols_consolidated.csv,2026-08-26,,False
,UNKNOWN,2026-05-29,2026-05-30,,100.0,,,0.55,LOW,nse_symbols_consolidated.csv,2026-08-26,"UNKNOWN_ACTION_TYPE,UNRESOLVED_SYMBOL",True
299.0,DIVIDEND,2026-05-29,2026-05-29,,10.0,,,1.0,HIGH,nse_symbols_consolidated.csv,2026-08-26,,False
314.0,DIVIDEND,2026-05-29,2026-05-29,,10.0,,,1.0,HIGH,nse_symbols_consolidated.csv,2026-08-26,,False
1309.0,BONUS,2026-05-29,2026-05-29,,0.5,,,1.0,HIGH,nse_symbols_consolidated.csv,2026-08-26,,False
805.0,DIVIDEND,2026-05-29,2026-05-29,,10.0,,,1.0,HIGH,nse_symbols_consolidated.csv,2026-08-26,,False
1298.0,SPLIT,2026-05-29,2026-05-29,,0.2,,,1.0,HIGH,nse_symbols_consolidated.csv,2026-08-26,,False
63.0,DIVIDEND,2026-05-29,2026-05-29,,2.0,,,1.0,HIGH,nse_symbols_consolidated.csv,2026-08-26,,False
690.0,DIVIDEND,2026-06-01,2026-06-01,,10.0,,,1.0,HIGH,nse_symbols_consolidated.csv,2026-08-26,,False
490.0,DIVIDEND,2026-06-01,2026-06-01,,1.0,,,1.0,HIGH,nse_symbols_consolidated.csv,2026-08-26,,False
1998.0,DIVIDEND,2026-06-02,2026-06-02,,2.0,,,1.0,HIGH,nse_symbols_consolidated.csv,2026-08-26,,False
,DIVIDEND,2026-06-02,2026-06-02,,100.0,,,0.7,MEDIUM,nse_symbols_consolidated.csv,2026-08-26,UNRESOLVED_SYMBOL,False
,UNKNOWN,2026-06-02,2026-06-02,,100.0,,,0.55,LOW,nse_symbols_consolidated.csv,2026-08-26,"UNKNOWN_ACTION_TYPE,UNRESOLVED_SYMBOL",True
,UNKNOWN,2026-06-02,2026-06-02,,100.0,,,0.55,LOW,nse_symbols_consolidated.csv,2026-08-26,"UNKNOWN_ACTION_TYPE,UNRESOLVED_SYMBOL",True
750.0,DIVIDEND,2026-06-03,2026-06-03,,10.0,,,1.0,HIGH,nse_symbols_consolidated.csv,2026-08-26,,False
210.0,DIVIDEND,2026-06-03,2026-06-03,,1.0,,,1.0,HIGH,nse_symbols_consolidated.csv,2026-08-26,,False
142.0,BONUS,2026-06-03,2026-06-03,,0.5,,,1.0,HIGH,nse_symbols_consolidated.csv,2026-08-26,,False
1525.0,DIVIDEND,2026-06-03,2026-06-03,,2.0,,,1.0,HIGH,nse_symbols_consolidated.csv,2026-08-26,,False
1848.0,DIVIDEND,2026-06-03,2026-06-03,,2.0,,,1.0,HIGH,nse_symbols_consolidated.csv,2026-08-26,,False
2299.0,DIVIDEND,2026-06-04,2026-06-04,,10.0,,,1.0,HIGH,nse_symbols_consolidated.csv,2026-08-26,,False
2337.0,BONUS,2026-06-04,2026-06-04,,0.6666666666666666,,,1.0,HIGH,nse_symbols_consolidated.csv,2026-08-26,,False
1812.0,DIVIDEND,2026-06-04,2026-06-04,,1.0,,,1.0,HIGH,nse_symbols_consolidated.csv,2026-08-26,,False
472.0,DIVIDEND,2026-06-05,2026-06-05,,2.0,,,1.0,HIGH,nse_symbols_consolidated.csv,2026-08-26,,False
45.0,DIVIDEND,2026-06-05,2026-06-05,,2.0,,,1.0,HIGH,nse_symbols_consolidated.csv,2026-08-26,,False
323.0,DIVIDEND,2026-06-05,2026-06-05,,5.0,,,1.0,HIGH,nse_symbols_consolidated.csv,2026-08-26,,False
1350.0,DIVIDEND,2026-06-05,2026-06-05,,10.0,,,1.0,HIGH,nse_symbols_consolidated.csv,2026-08-26,,False
1844.0,DIVIDEND,2026-06-05,2026-06-05,,10.0,,,1.0,HIGH,nse_symbols_consolidated.csv,2026-08-26,,False
2432.0,DIVIDEND,2026-06-05,2026-06-05,,10.0,,,1.0,HIGH,nse_symbols_consolidated.csv,2026-08-26,,False
917.0,DIVIDEND,2026-06-05,2026-06-05,,5.0,,,1.0,HIGH,nse_symbols_consolidated.csv,2026-08-26,,False
1736.0,DIVIDEND,2026-06-05,2026-06-05,,10.0,,,1.0,HIGH,nse_symbols_consolidated.csv,2026-08-26,,False
1145.0,DIVIDEND,2026-06-05,2026-06-05,,10.0,,,1.0,HIGH,nse_symbols_consolidated.csv,2026-08-26,,False
986.0,DIVIDEND,2026-06-05,2026-06-05,,10.0,,,1.0,HIGH,nse_symbols_consolidated.csv,2026-08-26,,False
298.0,DIVIDEND,2026-06-05,2026-06-05,,2.0,,,1.0,HIGH,nse_symbols_consolidated.csv,2026-08-26,,False
2123.0,DIVIDEND,2026-06-05,2026-06-05,,1.0,,,1.0,HIGH,nse_symbols_consolidated.csv,2026-08-26,,False
636.0,SPLIT,2026-06-05,2026-06-05,,0.1,,,1.0,HIGH,nse_symbols_consolidated.csv,2026-08-26,,False
2523.0,CAPITAL_REDUCTION,2026-06-05,2026-06-05,,2.0,,,1.0,HIGH,nse_symbols_consolidated.csv,2026-08-26,,False
1097.0,DIVIDEND,2026-06-05,2026-06-05,,2.0,,,1.0,HIGH,nse_symbols_consolidated.csv,2026-08-26,,False
1847.0,RIGHTS,2026-06-08,2026-06-08,,10.0,,,1.0,HIGH,nse_symbols_consolidated.csv,2026-08-26,,False
1056.0,DIVIDEND,2026-06-09,2026-06-09,,2.0,,,1.0,HIGH,nse_symbols_consolidated.csv,2026-08-26,,False
1540.0,DIVIDEND,2026-06-09,2026-06-09,,10.0,,,1.0,HIGH,nse_symbols_consolidated.csv,2026-08-26,,False
1022.0,DIVIDEND,2026-06-10,2026-06-10,,10.0,,,1.0,HIGH,nse_symbols_consolidated.csv,2026-08-26,,False
1050.0,DIVIDEND,2026-06-10,2026-06-10,,5.0,,,1.0,HIGH,nse_symbols_consolidated.csv,2026-08-26,,False
2251.0,DIVIDEND,2026-06-10,2026-06-10,,1.0,,,1.0,HIGH,nse_symbols_consolidated.csv,2026-08-26,,False
2247.0,DIVIDEND,2026-06-10,2026-06-10,,10.0,,,1.0,HIGH,nse_symbols_consolidated.csv,2026-08-26,,False
2250.0,DIVIDEND,2026-06-10,2026-06-10,,10.0,,,1.0,HIGH,nse_symbols_consolidated.csv,2026-08-26,,False
1997.0,DIVIDEND,2026-06-10,2026-06-10,,2.0,,,1.0,HIGH,nse_symbols_consolidated.csv,2026-08-26,,False
527.0,BONUS,2026-06-12,2026-06-12,,0.75,,,1.0,HIGH,nse_symbols_consolidated.csv,2026-08-26,,False
1522.0,DIVIDEND,2026-06-12,2026-06-12,,2.0,,,1.0,HIGH,nse_symbols_consolidated.csv,2026-08-26,,False
553.0,DIVIDEND,2026-06-12,2026-06-12,,10.0,,,1.0,HIGH,nse_symbols_consolidated.csv,2026-08-26,,False
162.0,DIVIDEND,2026-06-12,2026-06-12,,2.0,,,1.0,HIGH,nse_symbols_consolidated.csv,2026-08-26,,False
229.0,DIVIDEND,2026-06-12,2026-06-12,,1.0,,,1.0,HIGH,nse_symbols_consolidated.csv,2026-08-26,,False
249.0,DIVIDEND,2026-06-12,2026-06-12,,2.0,,,1.0,HIGH,nse_symbols_consolidated.csv,2026-08-26,,False
653.0,DIVIDEND,2026-06-12,2026-06-12,,10.0,,,1.0,HIGH,nse_symbols_consolidated.csv,2026-08-26,,False
659.0,DIVIDEND,2026-06-12,2026-06-12,,1.0,,,1.0,HIGH,nse_symbols_consolidated.csv,2026-08-26,,False
39.0,DIVIDEND,2026-06-12,2026-06-12,,10.0,,,1.0,HIGH,nse_symbols_consolidated.csv,2026-08-26,,False
51.0,DIVIDEND,2026-06-12,2026-06-12,,1.0,,,1.0,HIGH,nse_symbols_consolidated.csv,2026-08-26,,False
53.0,DIVIDEND,2026-06-12,2026-06-12,,2.0,,,1.0,HIGH,nse_symbols_consolidated.csv,2026-08-26,,False
415.0,DIVIDEND,2026-06-12,2026-06-12,,2.0,,,1.0,HIGH,nse_symbols_consolidated.csv,2026-08-26,,False
440.0,DIVIDEND,2026-06-12,2026-06-12,,1.0,,,1.0,HIGH,nse_symbols_consolidated.csv,2026-08-26,,False
983.0,DIVIDEND,2026-06-12,2026-06-12,,1.0,,,1.0,HIGH,nse_symbols_consolidated.csv,2026-08-26,,False
2253.0,DIVIDEND,2026-06-12,2026-06-12,,1.0,,,1.0,HIGH,nse_symbols_consolidated.csv,2026-08-26,,False
2313.0,DIVIDEND,2026-06-12,2026-06-12,,10.0,,,1.0,HIGH,nse_symbols_consolidated.csv,2026-08-26,,False
2314.0,DIVIDEND,2026-06-12,2026-06-12,,2.0,,,1.0,HIGH,nse_symbols_consolidated.csv,2026-08-26,,False
1134.0,DIVIDEND,2026-06-12,2026-06-12,,1.0,,,1.0,HIGH,nse_symbols_consolidated.csv,2026-08-26,,False
1634.0,DIVIDEND,2026-06-12,2026-06-12,,1.0,,,1.0,HIGH,nse_symbols_consolidated.csv,2026-08-26,,False
1692.0,DIVIDEND,2026-06-12,2026-06-12,,10.0,,,1.0,HIGH,nse_symbols_consolidated.csv,2026-08-26,,False
1712.0,DIVIDEND,2026-06-12,2026-06-12,,2.0,,,1.0,HIGH,nse_symbols_consolidated.csv,2026-08-26,,False
1720.0,DIVIDEND,2026-06-12,2026-06-13,,2.0,,,1.0,HIGH,nse_symbols_consolidated.csv,2026-08-26,,False
1317.0,DIVIDEND,2026-06-12,2026-06-12,,1.0,,,1.0,HIGH,nse_symbols_consolidated.csv,2026-08-26,,False
2337.0,DIVIDEND,2026-06-12,2026-06-12,,1.0,,,1.0,HIGH,nse_symbols_consolidated.csv,2026-08-26,,False
1861.0,DIVIDEND,2026-06-12,2026-06-12,,10.0,,,1.0,HIGH,nse_symbols_consolidated.csv,2026-08-26,,False
1451.0,DIVIDEND,2026-06-12,2026-06-12,,10.0,,,1.0,HIGH,nse_symbols_consolidated.csv,2026-08-26,,False
2173.0,RIGHTS,2026-06-12,2026-06-12,,2.0,,,1.0,HIGH,nse_symbols_consolidated.csv,2026-08-26,,False
2483.0,DIVIDEND,2026-06-12,2026-06-12,,1.0,,,1.0,HIGH,nse_symbols_consolidated.csv,2026-08-26,,False
137.0,DIVIDEND,2026-06-12,2026-06-12,,2.0,,,1.0,HIGH,nse_symbols_consolidated.csv,2026-08-26,,False
2099.0,DIVIDEND,2026-06-15,2026-06-15,,2.0,,,1.0,HIGH,nse_symbols_consolidated.csv,2026-08-26,,False
2152.0,DIVIDEND,2026-06-16,2026-06-16,,10.0,,,1.0,HIGH,nse_symbols_consolidated.csv,2026-08-26,,False
1892.0,DIVIDEND,2026-06-16,2026-06-16,,5.0,,,1.0,HIGH,nse_symbols_consolidated.csv,2026-08-26,,False
534.0,CAPITAL_REDUCTION,2026-06-17,2026-06-17,,5.0,,,1.0,HIGH,nse_symbols_consolidated.csv,2026-08-26,,False
1406.0,DIVIDEND,2026-06-17,2026-06-17,,2.0,,,1.0,HIGH,nse_symbols_consolidated.csv,2026-08-26,,False
1248.0,DIVIDEND,2026-06-17,2026-06-17,,2.0,,,1.0,HIGH,nse_symbols_consolidated.csv,2026-08-26,,False
394.0,BONUS,2026-06-17,2026-06-17,,0.75,,,1.0,HIGH,nse_symbols_consolidated.csv,2026-08-26,,False
680.0,DIVIDEND,2026-06-18,2026-06-18,,5.0,,,1.0,HIGH,nse_symbols_consolidated.csv,2026-08-26,,False
791.0,DIVIDEND,2026-06-18,2026-06-18,,10.0,,,1.0,HIGH,nse_symbols_consolidated.csv,2026-08-26,,False
421.0,DIVIDEND,2026-06-18,2026-06-18,,10.0,,,1.0,HIGH,nse_symbols_consolidated.csv,2026-08-26,,False
2449.0,DIVIDEND,2026-06-18,2026-06-18,,2.0,,,1.0,HIGH,nse_symbols_consolidated.csv,2026-08-26,,False
,UNKNOWN,2026-06-18,2026-06-18,,100.0,,,0.55,LOW,nse_symbols_consolidated.csv,2026-08-26,"UNKNOWN_ACTION_TYPE,UNRESOLVED_SYMBOL",True
2254.0,DIVIDEND,2026-06-18,2026-06-18,,2.0,,,1.0,HIGH,nse_symbols_consolidated.csv,2026-08-26,,False
1147.0,DIVIDEND,2026-06-18,2026-06-18,,2.0,,,1.0,HIGH,nse_symbols_consolidated.csv,2026-08-26,,False
916.0,DIVIDEND,2026-06-18,2026-06-18,,10.0,,,1.0,HIGH,nse_symbols_consolidated.csv,2026-08-26,,False
1021.0,DIVIDEND,2026-06-19,2026-06-19,,10.0,,,1.0,HIGH,nse_symbols_consolidated.csv,2026-08-26,,False
2248.0,DIVIDEND,2026-06-19,2026-06-19,,10.0,,,1.0,HIGH,nse_symbols_consolidated.csv,2026-08-26,,False
547.0,SPLIT,2026-06-19,2026-06-19,,0.1,,,1.0,HIGH,nse_symbols_consolidated.csv,2026-08-26,,False
258.0,DIVIDEND,2026-06-19,2026-06-19,,1.0,,,1.0,HIGH,nse_symbols_consolidated.csv,2026-08-26,,False
792.0,DIVIDEND,2026-06-19,2026-06-20,,2.0,,,1.0,HIGH,nse_symbols_consolidated.csv,2026-08-26,,False
918.0,DIVIDEND,2026-06-19,2026-06-19,,1.0,,,1.0,HIGH,nse_symbols_consolidated.csv,2026-08-26,,False
919.0,DIVIDEND,2026-06-19,2026-06-19,,10.0,,,1.0,HIGH,nse_symbols_consolidated.csv,2026-08-26,,False
505.0,DIVIDEND,2026-06-19,2026-06-19,,10.0,,,1.0,HIGH,nse_symbols_consolidated.csv,2026-08-26,,False
,UNKNOWN,2026-06-19,2026-06-19,,100.0,,,0.55,LOW,nse_symbols_consolidated.csv,2026-08-26,"UNKNOWN_ACTION_TYPE,UNRESOLVED_SYMBOL",True
1951.0,DIVIDEND,2026-06-19,2026-06-19,,10.0,,,1.0,HIGH,nse_symbols_consolidated.csv,2026-08-26,,False
2315.0,DIVIDEND,2026-06-19,2026-06-19,,2.0,,,1.0,HIGH,nse_symbols_consolidated.csv,2026-08-26,,False
2322.0,DIVIDEND,2026-06-19,2026-06-19,,10.0,,,1.0,HIGH,nse_symbols_consolidated.csv,2026-08-26,,False
1732.0,DIVIDEND,2026-06-19,2026-06-19,,10.0,,,1.0,HIGH,nse_symbols_consolidated.csv,2026-08-26,,False
1883.0,DIVIDEND,2026-06-19,2026-06-19,,10.0,,,1.0,HIGH,nse_symbols_consolidated.csv,2026-08-26,,False
1025.0,DIVIDEND,2026-06-19,2026-06-19,,5.0,,,1.0,HIGH,nse_symbols_consolidated.csv,2026-08-26,,False
1947.0,DIVIDEND,2026-06-22,2026-06-22,,10.0,,,1.0,HIGH,nse_symbols_consolidated.csv,2026-08-26,,False
,UNKNOWN,2026-06-22,2026-06-22,,100.0,,,0.55,LOW,nse_symbols_consolidated.csv,2026-08-26,"UNKNOWN_ACTION_TYPE,UNRESOLVED_SYMBOL",True
1018.0,DIVIDEND,2026-06-23,2026-06-23,,1.0,,,1.0,HIGH,nse_symbols_consolidated.csv,2026-08-26,,False
538.0,DIVIDEND,2026-06-23,2026-06-23,,2.0,,,1.0,HIGH,nse_symbols_consolidated.csv,2026-08-26,,False
192.0,DIVIDEND,2026-06-23,2026-06-23,,5.0,,,1.0,HIGH,nse_symbols_consolidated.csv,2026-08-26,,False
2295.0,DIVIDEND,2026-06-23,2026-06-23,,10.0,,,1.0,HIGH,nse_symbols_consolidated.csv,2026-08-26,,False
821.0,DIVIDEND,2026-06-23,2026-06-23,,10.0,,,1.0,HIGH,nse_symbols_consolidated.csv,2026-08-26,,False
950.0,DIVIDEND,2026-06-23,2026-06-23,,1.0,,,1.0,HIGH,nse_symbols_consolidated.csv,2026-08-26,,False
2252.0,DIVIDEND,2026-06-23,2026-06-23,,1.0,,,1.0,HIGH,nse_symbols_consolidated.csv,2026-08-26,,False
213.0,DIVIDEND,2026-06-23,2026-06-23,,1.0,,,1.0,HIGH,nse_symbols_consolidated.csv,2026-08-26,,False
270.0,CAPITAL_REDUCTION,2026-06-24,2026-06-24,,10.0,,,1.0,HIGH,nse_symbols_consolidated.csv,2026-08-26,,False
406.0,DIVIDEND,2026-06-24,2026-06-24,,10.0,,,1.0,HIGH,nse_symbols_consolidated.csv,2026-08-26,,False
2517.0,DIVIDEND,2026-06-24,2026-06-24,,10.0,,,1.0,HIGH,nse_symbols_consolidated.csv,2026-08-26,,False
1237.0,BONUS,2026-06-24,2026-06-24,,0.09090909090909091,,,1.0,HIGH,nse_symbols_consolidated.csv,2026-08-26,,False
2549.0,BONUS,2026-06-24,2026-06-24,,0.16666666666666666,,,1.0,HIGH,nse_symbols_consolidated.csv,2026-08-26,,False
,UNKNOWN,2026-06-25,2026-06-25,,100.0,,,0.55,LOW,nse_symbols_consolidated.csv,2026-08-26,"UNKNOWN_ACTION_TYPE,UNRESOLVED_SYMBOL",True
1513.0,DIVIDEND,2026-06-25,2026-06-26,,10.0,,,1.0,HIGH,nse_symbols_consolidated.csv,2026-08-26,,False
119.0,DIVIDEND,2026-06-25,2026-06-26,,2.0,,,1.0,HIGH,nse_symbols_consolidated.csv,2026-08-26,,False
156.0,DIVIDEND,2026-06-25,2026-06-26,,2.0,,,1.0,HIGH,nse_symbols_consolidated.csv,2026-08-26,,False
793.0,DIVIDEND,2026-06-25,2026-06-26,,10.0,,,1.0,HIGH,nse_symbols_consolidated.csv,2026-08-26,,False
31.0,DIVIDEND,2026-06-25,2026-06-26,,2.0,,,1.0,HIGH,nse_symbols_consolidated.csv,2026-08-26,,False
425.0,DIVIDEND,2026-06-25,2026-06-26,,10.0,,,1.0,HIGH,nse_symbols_consolidated.csv,2026-08-26,,False
1279.0,DIVIDEND,2026-06-25,2026-06-26,,10.0,,,1.0,HIGH,nse_symbols_consolidated.csv,2026-08-26,,False
1309.0,DIVIDEND,2026-06-25,2026-06-25,,10.0,,,1.0,HIGH,nse_symbols_consolidated.csv,2026-08-26,,False
2090.0,DIVIDEND,2026-06-25,2026-06-26,,10.0,,,1.0,HIGH,nse_symbols_consolidated.csv,2026-08-26,,False
1399.0,DIVIDEND,2026-06-25,2026-06-27,,10.0,,,1.0,HIGH,nse_symbols_consolidated.csv,2026-08-26,,False
2113.0,DIVIDEND,2026-06-25,2026-06-26,,10.0,,,1.0,HIGH,nse_symbols_consolidated.csv,2026-08-26,,False
2367.0,DIVIDEND,2026-06-25,2026-06-26,,10.0,,,1.0,HIGH,nse_symbols_consolidated.csv,2026-08-26,,False
2408.0,DIVIDEND,2026-06-25,2026-06-26,,2.0,,,1.0,HIGH,nse_symbols_consolidated.csv,2026-08-26,,False
2196.0,DIVIDEND,2026-06-25,2026-06-26,,2.0,,,1.0,HIGH,nse_symbols_consolidated.csv,2026-08-26,,False
2228.0,DIVIDEND,2026-06-25,2026-06-26,,10.0,,,1.0,HIGH,nse_symbols_consolidated.csv,2026-08-26,,False
2463.0,DIVIDEND,2026-06-25,2026-06-26,,2.0,,,1.0,HIGH,nse_symbols_consolidated.csv,2026-08-26,,False
1046.0,DIVIDEND,2026-06-25,2026-06-26,,10.0,,,1.0,HIGH,nse_symbols_consolidated.csv,2026-08-26,,False
1163.0,CAPITAL_REDUCTION,2026-06-29,2026-06-29,,1.0,,,1.0,HIGH,nse_symbols_consolidated.csv,2026-08-26,,False
1828.0,DIVIDEND,2026-06-29,2026-06-29,,2.0,,,1.0,HIGH,nse_symbols_consolidated.csv,2026-08-26,,False
1241.0,DIVIDEND,2026-06-29,2026-06-29,,2.0,,,1.0,HIGH,nse_symbols_consolidated.csv,2026-08-26,,False
1180.0,DIVIDEND,2026-06-29,2026-06-29,,1.0,,,1.0,HIGH,nse_symbols_consolidated.csv,2026-08-26,,False
1158.0,DIVIDEND,2026-06-29,2026-06-29,,1.0,,,1.0,HIGH,nse_symbols_consolidated.csv,2026-08-26,,False
,UNKNOWN,2026-06-29,2026-06-29,,100.0,,,0.55,LOW,nse_symbols_consolidated.csv,2026-08-26,"UNKNOWN_ACTION_TYPE,UNRESOLVED_SYMBOL",True
2507.0,DIVIDEND,2026-06-30,2026-06-30,,5.0,,,1.0,HIGH,nse_symbols_consolidated.csv,2026-08-26,,False
1678.0,CAPITAL_REDUCTION,2026-06-30,2026-06-30,,10.0,,,1.0,HIGH,nse_symbols_consolidated.csv,2026-08-26,,False
1357.0,DIVIDEND,2026-06-30,2026-06-30,,10.0,,,1.0,HIGH,nse_symbols_consolidated.csv,2026-08-26,,False
281.0,DIVIDEND,2026-06-30,2026-06-30,,1.0,,,1.0,HIGH,nse_symbols_consolidated.csv,2026-08-26,,False
277.0,DIVIDEND,2026-06-30,2026-06-30,,10.0,,,1.0,HIGH,nse_symbols_consolidated.csv,2026-08-26,,False
273.0,DIVIDEND,2026-06-30,2026-06-30,,1.0,,,1.0,HIGH,nse_symbols_consolidated.csv,2026-08-26,,False
626.0,DIVIDEND,2026-07-01,2026-07-01,,2.0,,,1.0,HIGH,nse_symbols_consolidated.csv,2026-08-26,,False
769.0,RIGHTS,2026-07-02,2026-07-02,,1.0,,,1.0,HIGH,nse_symbols_consolidated.csv,2026-08-26,,False
457.0,DIVIDEND,2026-07-02,2026-07-02,,5.0,,,1.0,HIGH,nse_symbols_consolidated.csv,2026-08-26,,False
880.0,DEMERGER,2026-07-02,2026-07-02,,2.0,,,1.0,HIGH,nse_symbols_consolidated.csv,2026-08-26,,False
1316.0,DIVIDEND,2026-07-02,2026-07-02,,1.0,,,1.0,HIGH,nse_symbols_consolidated.csv,2026-08-26,,False
1339.0,DIVIDEND,2026-07-03,2026-07-03,,5.0,,,1.0,HIGH,nse_symbols_consolidated.csv,2026-08-26,,False
1355.0,DIVIDEND,2026-07-03,2026-07-03,,10.0,,,1.0,HIGH,nse_symbols_consolidated.csv,2026-08-26,,False
1829.0,DIVIDEND,2026-07-03,2026-07-03,,10.0,,,1.0,HIGH,nse_symbols_consolidated.csv,2026-08-26,,False
1836.0,DIVIDEND,2026-07-03,2026-07-03,,2.0,,,1.0,HIGH,nse_symbols_consolidated.csv,2026-08-26,,False
2092.0,DIVIDEND,2026-07-03,2026-07-03,,10.0,,,1.0,HIGH,nse_symbols_consolidated.csv,2026-08-26,,False
2093.0,DIVIDEND,2026-07-03,2026-07-03,,10.0,,,1.0,HIGH,nse_symbols_consolidated.csv,2026-08-26,,False
2100.0,DIVIDEND,2026-07-03,2026-07-03,,10.0,,,1.0,HIGH,nse_symbols_consolidated.csv,2026-08-26,,False
1401.0,DIVIDEND,2026-07-03,2026-07-03,,10.0,,,1.0,HIGH,nse_symbols_consolidated.csv,2026-08-26,,False
1875.0,CAPITAL_REDUCTION,2026-07-03,2026-07-03,,1.0,,,1.0,HIGH,nse_symbols_consolidated.csv,2026-08-26,,False
2383.0,DIVIDEND,2026-07-03,2026-07-03,,10.0,,,1.0,HIGH,nse_symbols_consolidated.csv,2026-08-26,,False
2055.0,DIVIDEND,2026-07-03,2026-07-03,,2.0,,,1.0,HIGH,nse_symbols_consolidated.csv,2026-08-26,,False
1248.0,SPLIT,2026-07-03,2026-07-03,,0.2,,,1.0,HIGH,nse_symbols_consolidated.csv,2026-08-26,,False
1216.0,DIVIDEND,2026-07-03,2026-07-03,,1.0,,,1.0,HIGH,nse_symbols_consolidated.csv,2026-08-26,,False
1625.0,DIVIDEND,2026-07-03,2026-07-03,,10.0,,,1.0,HIGH,nse_symbols_consolidated.csv,2026-08-26,,False
1144.0,DIVIDEND,2026-07-03,2026-07-03,,10.0,,,1.0,HIGH,nse_symbols_consolidated.csv,2026-08-26,,False
2220.0,DIVIDEND,2026-07-03,2026-07-03,,10.0,,,1.0,HIGH,nse_symbols_consolidated.csv,2026-08-26,,False
2267.0,DIVIDEND,2026-07-03,2026-07-03,,5.0,,,1.0,HIGH,nse_symbols_consolidated.csv,2026-08-26,,False
2266.0,CAPITAL_REDUCTION,2026-07-03,2026-07-03,,10.0,,,1.0,HIGH,nse_symbols_consolidated.csv,2026-08-26,,False
109.0,DIVIDEND,2026-07-03,2026-07-03,,2.0,,,1.0,HIGH,nse_symbols_consolidated.csv,2026-08-26,,False
857.0,DIVIDEND,2026-07-03,2026-07-03,,1.0,,,1.0,HIGH,nse_symbols_consolidated.csv,2026-08-26,,False
416.0,DIVIDEND,2026-07-03,2026-07-03,,2.0,,,1.0,HIGH,nse_symbols_consolidated.csv,2026-08-26,,False
814.0,DIVIDEND,2026-07-03,2026-07-03,,10.0,,,1.0,HIGH,nse_symbols_consolidated.csv,2026-08-26,,False
352.0,DIVIDEND,2026-07-03,2026-07-03,,5.0,,,1.0,HIGH,nse_symbols_consolidated.csv,2026-08-26,,False
338.0,DIVIDEND,2026-07-03,2026-07-03,,2.0,,,1.0,HIGH,nse_symbols_consolidated.csv,2026-08-26,,False
330.0,DIVIDEND,2026-07-03,2026-07-03,,5.0,,,1.0,HIGH,nse_symbols_consolidated.csv,2026-08-26,,False
712.0,DIVIDEND,2026-07-03,2026-07-03,,1.0,,,1.0,HIGH,nse_symbols_consolidated.csv,2026-08-26,,False
697.0,DIVIDEND,2026-07-03,2026-07-03,,10.0,,,1.0,HIGH,nse_symbols_consolidated.csv,2026-08-26,,False
284.0,DIVIDEND,2026-07-03,2026-07-03,,2.0,,,1.0,HIGH,nse_symbols_consolidated.csv,2026-08-26,,False
1406.0,SPLIT,2026-07-03,2026-07-03,,0.2,,,1.0,HIGH,nse_symbols_consolidated.csv,2026-08-26,,False
2292.0,DIVIDEND,2026-07-03,2026-07-03,,2.0,,,1.0,HIGH,nse_symbols_consolidated.csv,2026-08-26,,False
2508.0,DIVIDEND,2026-07-03,2026-07-03,,10.0,,,1.0,HIGH,nse_symbols_consolidated.csv,2026-08-26,,False
539.0,DIVIDEND,2026-07-03,2026-07-03,,2.0,,,1.0,HIGH,nse_symbols_consolidated.csv,2026-08-26,,False
560.0,DIVIDEND,2026-07-03,2026-07-03,,2.0,,,1.0,HIGH,nse_symbols_consolidated.csv,2026-08-26,,False
559.0,DIVIDEND,2026-07-06,2026-07-06,,2.0,,,1.0,HIGH,nse_symbols_consolidated.csv,2026-08-26,,False
606.0,DIVIDEND,2026-07-06,2026-07-06,,10.0,,,1.0,HIGH,nse_symbols_consolidated.csv,2026-08-26,,False
1707.0,DIVIDEND,2026-07-06,2026-07-06,,10.0,,,1.0,HIGH,nse_symbols_consolidated.csv,2026-08-26,,False
2179.0,DIVIDEND,2026-07-06,2026-07-06,,10.0,,,1.0,HIGH,nse_symbols_consolidated.csv,2026-08-26,,False
447.0,DIVIDEND,2026-07-07,2026-07-07,,5.0,,,1.0,HIGH,nse_symbols_consolidated.csv,2026-08-26,,False
612.0,DIVIDEND,2026-07-07,2026-07-07,,10.0,,,1.0,HIGH,nse_symbols_consolidated.csv,2026-08-26,,False
2185.0,DIVIDEND,2026-07-07,2026-07-07,,1.0,,,1.0,HIGH,nse_symbols_consolidated.csv,2026-08-26,,False
2346.0,DIVIDEND,2026-07-07,2026-07-07,,5.0,,,1.0,HIGH,nse_symbols_consolidated.csv,2026-08-26,,False
1148.0,DIVIDEND,2026-07-07,2026-07-07,,1.0,,,1.0,HIGH,nse_symbols_consolidated.csv,2026-08-26,,False
1479.0,DIVIDEND,2026-07-08,2026-07-08,,10.0,,,1.0,HIGH,nse_symbols_consolidated.csv,2026-08-26,,False
2385.0,DIVIDEND,2026-07-08,2026-07-08,,2.0,,,1.0,HIGH,nse_symbols_consolidated.csv,2026-08-26,,False
1250.0,DIVIDEND,2026-07-08,2026-07-08,,10.0,,,1.0,HIGH,nse_symbols_consolidated.csv,2026-08-26,,False
365.0,DIVIDEND,2026-07-08,2026-07-08,,1.0,,,1.0,HIGH,nse_symbols_consolidated.csv,2026-08-26,,False
2002.0,DIVIDEND,2026-07-09,2026-07-09,,5.0,,,1.0,HIGH,nse_symbols_consolidated.csv,2026-08-26,,False
1884.0,DIVIDEND,2026-07-09,2026-07-09,,8.0,,,1.0,HIGH,nse_symbols_consolidated.csv,2026-08-26,,False
2239.0,DIVIDEND,2026-07-09,2026-07-09,,2.0,,,1.0,HIGH,nse_symbols_consolidated.csv,2026-08-26,,False
901.0,DIVIDEND,2026-07-09,2026-07-09,,10.0,,,1.0,HIGH,nse_symbols_consolidated.csv,2026-08-26,,False
2312.0,DIVIDEND,2026-07-09,2026-07-09,,1.0,,,1.0,HIGH,nse_symbols_consolidated.csv,2026-08-26,,False
1126.0,DIVIDEND,2026-07-10,2026-07-10,,10.0,,,1.0,HIGH,nse_symbols_consolidated.csv,2026-08-26,,False
1565.0,DIVIDEND,2026-07-10,2026-07-10,,10.0,,,1.0,HIGH,nse_symbols_consolidated.csv,2026-08-26,,False
2549.0,DIVIDEND,2026-07-10,2026-07-10,,5.0,,,1.0,HIGH,nse_symbols_consolidated.csv,2026-08-26,,False
1556.0,DIVIDEND,2026-07-10,2026-07-10,,5.0,,,1.0,HIGH,nse_symbols_consolidated.csv,2026-08-26,,False
500.0,DIVIDEND,2026-07-10,2026-07-10,,10.0,,,1.0,HIGH,nse_symbols_consolidated.csv,2026-08-26,,False
943.0,DIVIDEND,2026-07-10,2026-07-10,,1.0,,,1.0,HIGH,nse_symbols_consolidated.csv,2026-08-26,,False
861.0,DIVIDEND,2026-07-10,2026-07-10,,5.0,,,1.0,HIGH,nse_symbols_consolidated.csv,2026-08-26,,False
414.0,DIVIDEND,2026-07-10,2026-07-10,,2.0,,,1.0,HIGH,nse_symbols_consolidated.csv,2026-08-26,,False
403.0,DIVIDEND,2026-07-10,2026-07-10,,2.0,,,1.0,HIGH,nse_symbols_consolidated.csv,2026-08-26,,False
68.0,DIVIDEND,2026-07-10,2026-07-10,,10.0,,,1.0,HIGH,nse_symbols_consolidated.csv,2026-08-26,,False
67.0,DIVIDEND,2026-07-10,2026-07-10,,1.0,,,1.0,HIGH,nse_symbols_consolidated.csv,2026-08-26,,False
838.0,BONUS,2026-07-10,2026-07-10,,0.75,,,1.0,HIGH,nse_symbols_consolidated.csv,2026-08-26,,False
400.0,DIVIDEND,2026-07-10,2026-07-10,,2.0,,,1.0,HIGH,nse_symbols_consolidated.csv,2026-08-26,,False
788.0,DIVIDEND,2026-07-10,2026-07-10,,1.0,,,1.0,HIGH,nse_symbols_consolidated.csv,2026-08-26,,False
259.0,DIVIDEND,2026-07-10,2026-07-10,,2.0,,,1.0,HIGH,nse_symbols_consolidated.csv,2026-08-26,,False
633.0,DIVIDEND,2026-07-10,2026-07-10,,10.0,,,1.0,HIGH,nse_symbols_consolidated.csv,2026-08-26,,False
625.0,DIVIDEND,2026-07-10,2026-07-10,,1.0,,,1.0,HIGH,nse_symbols_consolidated.csv,2026-08-26,,False
608.0,DIVIDEND,2026-07-10,2026-07-10,,2.0,,,1.0,HIGH,nse_symbols_consolidated.csv,2026-08-26,,False
193.0,DIVIDEND,2026-07-10,2026-07-10,,1.0,,,1.0,HIGH,nse_symbols_consolidated.csv,2026-08-26,,False
169.0,DIVIDEND,2026-07-10,2026-07-10,,1.0,,,1.0,HIGH,nse_symbols_consolidated.csv,2026-08-26,,False
1544.0,DIVIDEND,2026-07-10,2026-07-10,,1.0,,,1.0,HIGH,nse_symbols_consolidated.csv,2026-08-26,,False
1544.0,DIVIDEND,2026-07-10,2026-07-10,,1.0,,,1.0,HIGH,nse_symbols_consolidated.csv,2026-08-26,,False
2511.0,DIVIDEND,2026-07-10,2026-07-10,,1.0,,,1.0,HIGH,nse_symbols_consolidated.csv,2026-08-26,,False
2488.0,DIVIDEND,2026-07-10,2026-07-10,,10.0,,,1.0,HIGH,nse_symbols_consolidated.csv,2026-08-26,,False
1504.0,SPLIT,2026-07-10,2026-07-10,,0.1,,,1.0,HIGH,nse_symbols_consolidated.csv,2026-08-26,,False
1878.0,DIVIDEND,2026-07-10,2026-07-10,,2.0,,,1.0,HIGH,nse_symbols_consolidated.csv,2026-08-26,,False
2104.0,DIVIDEND,2026-07-10,2026-07-10,,10.0,,,1.0,HIGH,nse_symbols_consolidated.csv,2026-08-26,,False
2097.0,DIVIDEND,2026-07-10,2026-07-10,,2.0,,,1.0,HIGH,nse_symbols_consolidated.csv,2026-08-26,,False
1356.0,DIVIDEND,2026-07-10,2026-07-10,,10.0,,,1.0,HIGH,nse_symbols_consolidated.csv,2026-08-26,,False
1780.0,DIVIDEND,2026-07-10,2026-07-10,,1.0,,,1.0,HIGH,nse_symbols_consolidated.csv,2026-08-26,,False
1636.0,DIVIDEND,2026-07-10,2026-07-10,,1.0,,,1.0,HIGH,nse_symbols_consolidated.csv,2026-08-26,,False
1595.0,DIVIDEND,2026-07-10,2026-07-10,,10.0,,,1.0,HIGH,nse_symbols_consolidated.csv,2026-08-26,,False
1143.0,DIVIDEND,2026-07-10,2026-07-10,,10.0,,,1.0,HIGH,nse_symbols_consolidated.csv,2026-08-26,,False
1051.0,DIVIDEND,2026-07-13,2026-07-13,,10.0,,,1.0,HIGH,nse_symbols_consolidated.csv,2026-08-26,,False
1340.0,DIVIDEND,2026-07-13,2026-07-13,,2.0,,,1.0,HIGH,nse_symbols_consolidated.csv,2026-08-26,,False
326.0,DIVIDEND,2026-07-13,2026-07-13,,1.0,,,1.0,HIGH,nse_symbols_consolidated.csv,2026-08-26,,False
,UNKNOWN,2026-07-13,2026-07-13,,100.0,,,0.55,LOW,nse_symbols_consolidated.csv,2026-08-26,"UNKNOWN_ACTION_TYPE,UNRESOLVED_SYMBOL",True
2532.0,DIVIDEND,2026-07-13,2026-07-13,,10.0,,,1.0,HIGH,nse_symbols_consolidated.csv,2026-08-26,,False
1012.0,DIVIDEND,2026-07-14,2026-07-14,,10.0,,,1.0,HIGH,nse_symbols_consolidated.csv,2026-08-26,,False
2373.0,DIVIDEND,2026-07-14,2026-07-14,,2.0,,,1.0,HIGH,nse_symbols_consolidated.csv,2026-08-26,,False
1202.0,DIVIDEND,2026-07-14,2026-07-14,,1.0,,,1.0,HIGH,nse_symbols_consolidated.csv,2026-08-26,,False
1714.0,DIVIDEND,2026-07-14,2026-07-14,,10.0,,,1.0,HIGH,nse_symbols_consolidated.csv,2026-08-26,,False
72.0,DIVIDEND,2026-07-14,2026-07-14,,2.0,,,1.0,HIGH,nse_symbols_consolidated.csv,2026-08-26,,False
351.0,DIVIDEND,2026-07-14,2026-07-14,,10.0,,,1.0,HIGH,nse_symbols_consolidated.csv,2026-08-26,,False
2130.0,DIVIDEND,2026-07-14,2026-07-14,,2.0,,,1.0,HIGH,nse_symbols_consolidated.csv,2026-08-26,,False
2400.0,DIVIDEND,2026-07-14,2026-07-14,,10.0,,,1.0,HIGH,nse_symbols_consolidated.csv,2026-08-26,,False
1459.0,DIVIDEND,2026-07-14,2026-07-14,,1.0,,,1.0,HIGH,nse_symbols_consolidated.csv,2026-08-26,,False
1474.0,DIVIDEND,2026-07-14,2026-07-14,,1.0,,,1.0,HIGH,nse_symbols_consolidated.csv,2026-08-26,,False
1486.0,DIVIDEND,2026-07-14,2026-07-14,,1.0,,,1.0,HIGH,nse_symbols_consolidated.csv,2026-08-26,,False
930.0,DIVIDEND,2026-07-14,2026-07-14,,10.0,,,1.0,HIGH,nse_symbols_consolidated.csv,2026-08-26,,False
37.0,DIVIDEND,2026-07-14,2026-07-14,,10.0,,,1.0,HIGH,nse_symbols_consolidated.csv,2026-08-26,,False
1628.0,CAPITAL_REDUCTION,2026-07-15,2026-07-15,,10.0,,,1.0,HIGH,nse_symbols_consolidated.csv,2026-08-26,,False
2263.0,DIVIDEND,2026-07-15,2026-07-15,,1.0,,,1.0,HIGH,nse_symbols_consolidated.csv,2026-08-26,,False
307.0,DIVIDEND,2026-07-15,2026-07-15,,5.0,,,1.0,HIGH,nse_symbols_consolidated.csv,2026-08-26,,False
1200.0,DIVIDEND,2026-07-15,2026-07-15,,10.0,,,1.0,HIGH,nse_symbols_consolidated.csv,2026-08-26,,False
928.0,DIVIDEND,2026-07-15,2026-07-15,,5.0,,,1.0,HIGH,nse_symbols_consolidated.csv,2026-08-26,,False
866.0,DIVIDEND,2026-07-16,2026-07-16,,10.0,,,1.0,HIGH,nse_symbols_consolidated.csv,2026-08-26,,False
58.0,DIVIDEND,2026-07-16,2026-07-16,,10.0,,,1.0,HIGH,nse_symbols_consolidated.csv,2026-08-26,,False
512.0,DIVIDEND,2026-07-16,2026-07-16,,5.0,,,1.0,HIGH,nse_symbols_consolidated.csv,2026-08-26,,False
513.0,DIVIDEND,2026-07-16,2026-07-16,,10.0,,,1.0,HIGH,nse_symbols_consolidated.csv,2026-08-26,,False
2520.0,DIVIDEND,2026-07-16,2026-07-16,,5.0,,,1.0,HIGH,nse_symbols_consolidated.csv,2026-08-26,,False
504.0,DIVIDEND,2026-07-16,2026-07-16,,1.0,,,1.0,HIGH,nse_symbols_consolidated.csv,2026-08-26,,False
2505.0,DIVIDEND,2026-07-16,2026-07-16,,10.0,,,1.0,HIGH,nse_symbols_consolidated.csv,2026-08-26,,False
218.0,DIVIDEND,2026-07-16,2026-07-16,,10.0,,,1.0,HIGH,nse_symbols_consolidated.csv,2026-08-26,,False
,UNKNOWN,2026-07-17,2026-07-18,,100.0,,,0.55,LOW,nse_symbols_consolidated.csv,2026-08-26,"UNKNOWN_ACTION_TYPE,UNRESOLVED_SYMBOL",True
529.0,DIVIDEND,2026-07-17,2026-07-17,,2.0,,,1.0,HIGH,nse_symbols_consolidated.csv,2026-08-26,,False
536.0,DIVIDEND,2026-07-17,2026-07-17,,1.0,,,1.0,HIGH,nse_symbols_consolidated.csv,2026-08-26,,False
1024.0,DIVIDEND,2026-07-17,2026-07-17,,2.0,,,1.0,HIGH,nse_symbols_consolidated.csv,2026-08-26,,False
549.0,DIVIDEND,2026-07-17,2026-07-17,,10.0,,,1.0,HIGH,nse_symbols_consolidated.csv,2026-08-26,,False
585.0,DIVIDEND,2026-07-17,2026-07-17,,2.0,,,1.0,HIGH,nse_symbols_consolidated.csv,2026-08-26,,False
168.0,DIVIDEND,2026-07-17,2026-07-17,,10.0,,,1.0,HIGH,nse_symbols_consolidated.csv,2026-08-26,,False
235.0,DIVIDEND,2026-07-17,2026-07-17,,10.0,,,1.0,HIGH,nse_symbols_consolidated.csv,2026-08-26,,False
246.0,DIVIDEND,2026-07-17,2026-07-17,,10.0,,,1.0,HIGH,nse_symbols_consolidated.csv,2026-08-26,,False
662.0,DIVIDEND,2026-07-17,2026-07-17,,1.0,,,1.0,HIGH,nse_symbols_consolidated.csv,2026-08-26,,False
272.0,DIVIDEND,2026-07-17,2026-07-17,,2.0,,,1.0,HIGH,nse_symbols_consolidated.csv,2026-08-26,,False
287.0,DIVIDEND,2026-07-17,2026-07-17,,2.0,,,1.0,HIGH,nse_symbols_consolidated.csv,2026-08-26,,False
341.0,DIVIDEND,2026-07-17,2026-07-17,,2.0,,,1.0,HIGH,nse_symbols_consolidated.csv,2026-08-26,,False
345.0,DIVIDEND,2026-07-17,2026-07-17,,2.0,,,1.0,HIGH,nse_symbols_consolidated.csv,2026-08-26,,False
348.0,DIVIDEND,2026-07-17,2026-07-17,,1.0,,,1.0,HIGH,nse_symbols_consolidated.csv,2026-08-26,,False
779.0,DIVIDEND,2026-07-17,2026-07-17,,10.0,,,1.0,HIGH,nse_symbols_consolidated.csv,2026-08-26,,False
374.0,DIVIDEND,2026-07-17,2026-07-17,,2.0,,,1.0,HIGH,nse_symbols_consolidated.csv,2026-08-26,,False
808.0,DIVIDEND,2026-07-17,2026-07-17,,2.0,,,1.0,HIGH,nse_symbols_consolidated.csv,2026-08-26,,False
434.0,DIVIDEND,2026-07-17,2026-07-17,,10.0,,,1.0,HIGH,nse_symbols_consolidated.csv,2026-08-26,,False
896.0,DIVIDEND,2026-07-17,2026-07-17,,2.0,,,1.0,HIGH,nse_symbols_consolidated.csv,2026-08-26,,False
915.0,DIVIDEND,2026-07-17,2026-07-17,,2.0,,,1.0,HIGH,nse_symbols_consolidated.csv,2026-08-26,,False
966.0,DIVIDEND,2026-07-17,2026-07-17,,10.0,,,1.0,HIGH,nse_symbols_consolidated.csv,2026-08-26,,False
1.0,DIVIDEND,2026-07-17,2026-07-17,,5.0,,,1.0,HIGH,nse_symbols_consolidated.csv,2026-08-26,,False
6.0,DIVIDEND,2026-07-17,2026-07-17,,10.0,,,1.0,HIGH,nse_symbols_consolidated.csv,2026-08-26,,False
1549.0,DIVIDEND,2026-07-17,2026-07-17,,10.0,,,1.0,HIGH,nse_symbols_consolidated.csv,2026-08-26,,False
1554.0,DIVIDEND,2026-07-17,2026-07-17,,10.0,,,1.0,HIGH,nse_symbols_consolidated.csv,2026-08-26,,False
2259.0,DIVIDEND,2026-07-17,2026-07-17,,2.0,,,1.0,HIGH,nse_symbols_consolidated.csv,2026-08-26,,False
2547.0,DIVIDEND,2026-07-17,2026-07-17,,2.0,,,1.0,HIGH,nse_symbols_consolidated.csv,2026-08-26,,False
2559.0,DIVIDEND,2026-07-17,2026-07-17,,2.0,,,1.0,HIGH,nse_symbols_consolidated.csv,2026-08-26,,False
1129.0,DIVIDEND,2026-07-17,2026-07-17,,5.0,,,1.0,HIGH,nse_symbols_consolidated.csv,2026-08-26,,False
1152.0,DIVIDEND,2026-07-17,2026-07-17,,2.0,,,1.0,HIGH,nse_symbols_consolidated.csv,2026-08-26,,False
1212.0,DIVIDEND,2026-07-17,2026-07-17,,5.0,,,1.0,HIGH,nse_symbols_consolidated.csv,2026-08-26,,False
1232.0,DIVIDEND,2026-07-17,2026-07-17,,1.0,,,1.0,HIGH,nse_symbols_consolidated.csv,2026-08-26,,False
1694.0,DIVIDEND,2026-07-17,2026-07-17,,10.0,,,1.0,HIGH,nse_symbols_consolidated.csv,2026-08-26,,False
1318.0,DIVIDEND,2026-07-17,2026-07-17,,10.0,,,1.0,HIGH,nse_symbols_consolidated.csv,2026-08-26,,False
1774.0,DIVIDEND,2026-07-17,2026-07-17,,5.0,,,1.0,HIGH,nse_symbols_consolidated.csv,2026-08-26,,False
1781.0,DIVIDEND,2026-07-17,2026-07-17,,10.0,,,1.0,HIGH,nse_symbols_consolidated.csv,2026-08-26,,False
2019.0,DIVIDEND,2026-07-17,2026-07-17,,1.0,,,1.0,HIGH,nse_symbols_consolidated.csv,2026-08-26,,False
2046.0,DIVIDEND,2026-07-17,2026-07-17,,10.0,,,1.0,HIGH,nse_symbols_consolidated.csv,2026-08-26,,False
1335.0,DIVIDEND,2026-07-17,2026-07-17,,2.0,,,1.0,HIGH,nse_symbols_consolidated.csv,2026-08-26,,False
1808.0,DIVIDEND,2026-07-17,2026-07-17,,2.0,,,1.0,HIGH,nse_symbols_consolidated.csv,2026-08-26,,False
1348.0,DIVIDEND,2026-07-17,2026-07-17,,10.0,,,1.0,HIGH,nse_symbols_consolidated.csv,2026-08-26,,False
2347.0,DIVIDEND,2026-07-17,2026-07-17,,10.0,,,1.0,HIGH,nse_symbols_consolidated.csv,2026-08-26,,False
2111.0,DIVIDEND,2026-07-17,2026-07-17,,10.0,,,1.0,HIGH,nse_symbols_consolidated.csv,2026-08-26,,False
2116.0,DIVIDEND,2026-07-17,2026-07-17,,1.0,,,1.0,HIGH,nse_symbols_consolidated.csv,2026-08-26,,False
2380.0,DIVIDEND,2026-07-17,2026-07-17,,2.0,,,1.0,HIGH,nse_symbols_consolidated.csv,2026-08-26,,False
1433.0,DIVIDEND,2026-07-17,2026-07-17,,1.0,,,1.0,HIGH,nse_symbols_consolidated.csv,2026-08-26,,False
1919.0,DIVIDEND,2026-07-17,2026-07-17,,2.0,,,1.0,HIGH,nse_symbols_consolidated.csv,2026-08-26,,False
2174.0,DIVIDEND,2026-07-17,2026-07-17,,10.0,,,1.0,HIGH,nse_symbols_consolidated.csv,2026-08-26,,False
2180.0,DIVIDEND,2026-07-17,2026-07-17,,10.0,,,1.0,HIGH,nse_symbols_consolidated.csv,2026-08-26,,False
2394.0,DIVIDEND,2026-07-17,2026-07-17,,2.0,,,1.0,HIGH,nse_symbols_consolidated.csv,2026-08-26,,False
1481.0,DIVIDEND,2026-07-17,2026-07-17,,10.0,,,1.0,HIGH,nse_symbols_consolidated.csv,2026-08-26,,False
2208.0,DIVIDEND,2026-07-17,2026-07-17,,10.0,,,1.0,HIGH,nse_symbols_consolidated.csv,2026-08-26,,False
2226.0,DIVIDEND,2026-07-17,2026-07-17,,2.0,,,1.0,HIGH,nse_symbols_consolidated.csv,2026-08-26,,False
2425.0,DIVIDEND,2026-07-17,2026-07-17,,2.0,,,1.0,HIGH,nse_symbols_consolidated.csv,2026-08-26,,False
2476.0,DIVIDEND,2026-07-17,2026-07-17,,10.0,,,1.0,HIGH,nse_symbols_consolidated.csv,2026-08-26,,False
2496.0,DIVIDEND,2026-07-17,2026-07-17,,2.0,,,1.0,HIGH,nse_symbols_consolidated.csv,2026-08-26,,False
2512.0,DIVIDEND,2026-07-17,2026-07-17,,10.0,,,1.0,HIGH,nse_symbols_consolidated.csv,2026-08-26,,False
,UNKNOWN,2026-07-20,2026-07-20,,100.0,,,0.55,LOW,nse_symbols_consolidated.csv,2026-08-26,"UNKNOWN_ACTION_TYPE,UNRESOLVED_SYMBOL",True
717.0,DIVIDEND,2026-07-20,2026-07-20,,10.0,,,1.0,HIGH,nse_symbols_consolidated.csv,2026-08-26,,False
851.0,DIVIDEND,2026-07-20,2026-07-20,,2.0,,,1.0,HIGH,nse_symbols_consolidated.csv,2026-08-26,,False
897.0,DIVIDEND,2026-07-20,2026-07-20,,2.0,,,1.0,HIGH,nse_symbols_consolidated.csv,2026-08-26,,False
511.0,DIVIDEND,2026-07-20,2026-07-20,,1.0,,,1.0,HIGH,nse_symbols_consolidated.csv,2026-08-26,,False
1543.0,DIVIDEND,2026-07-20,2026-07-20,,2.0,,,1.0,HIGH,nse_symbols_consolidated.csv,2026-08-26,,False
1730.0,DIVIDEND,2026-07-20,2026-07-20,,2.0,,,1.0,HIGH,nse_symbols_consolidated.csv,2026-08-26,,False
2054.0,DIVIDEND,2026-07-20,2026-07-20,,10.0,,,1.0,HIGH,nse_symbols_consolidated.csv,2026-08-26,,False
1534.0,DIVIDEND,2026-07-20,2026-07-20,,10.0,,,1.0,HIGH,nse_symbols_consolidated.csv,2026-08-26,,False
1539.0,DIVIDEND,2026-07-20,2026-07-20,,2.0,,,1.0,HIGH,nse_symbols_consolidated.csv,2026-08-26,,False
1244.0,DIVIDEND,2026-07-20,2026-07-20,,1.0,,,1.0,HIGH,nse_symbols_consolidated.csv,2026-08-26,,False
1031.0,DIVIDEND,2026-07-21,2026-07-21,,1.0,,,1.0,HIGH,nse_symbols_consolidated.csv,2026-08-26,,False
147.0,DIVIDEND,2026-07-21,2026-07-21,,1.0,,,1.0,HIGH,nse_symbols_consolidated.csv,2026-08-26,,False
466.0,DIVIDEND,2026-07-21,2026-07-21,,2.0,,,1.0,HIGH,nse_symbols_consolidated.csv,2026-08-26,,False
1104.0,DIVIDEND,2026-07-21,2026-07-21,,10.0,,,1.0,HIGH,nse_symbols_consolidated.csv,2026-08-26,,False
1803.0,DIVIDEND,2026-07-21,2026-07-21,,10.0,,,1.0,HIGH,nse_symbols_consolidated.csv,2026-08-26,,False
1727.0,SPLIT,2026-07-21,2026-07-21,,0.4,,,1.0,HIGH,nse_symbols_consolidated.csv,2026-08-26,,False
1776.0,DIVIDEND,2026-07-21,2026-07-21,,10.0,,,1.0,HIGH,nse_symbols_consolidated.csv,2026-08-26,,False
1337.0,DIVIDEND,2026-07-21,2026-07-21,,2.0,,,1.0,HIGH,nse_symbols_consolidated.csv,2026-08-26,,False
1266.0,DIVIDEND,2026-07-21,2026-07-21,,5.0,,,1.0,HIGH,nse_symbols_consolidated.csv,2026-08-26,,False
38.0,DIVIDEND,2026-07-22,2026-07-22,,5.0,,,1.0,HIGH,nse_symbols_consolidated.csv,2026-08-26,,False
906.0,DIVIDEND,2026-07-22,2026-07-22,,10.0,,,1.0,HIGH,nse_symbols_consolidated.csv,2026-08-26,,False
924.0,DIVIDEND,2026-07-22,2026-07-22,,2.0,,,1.0,HIGH,nse_symbols_consolidated.csv,2026-08-26,,False
506.0,DIVIDEND,2026-07-22,2026-07-22,,10.0,,,1.0,HIGH,nse_symbols_consolidated.csv,2026-08-26,,False
1424.0,DIVIDEND,2026-07-22,2026-07-22,,1.0,,,1.0,HIGH,nse_symbols_consolidated.csv,2026-08-26,,False
1959.0,DIVIDEND,2026-07-22,2026-07-22,,1.0,,,1.0,HIGH,nse_symbols_consolidated.csv,2026-08-26,,False
1821.0,DIVIDEND,2026-07-22,2026-07-22,,5.0,,,1.0,HIGH,nse_symbols_consolidated.csv,2026-08-26,,False
2343.0,DEMERGER,2026-07-22,2026-07-22,,1.0,,,1.0,HIGH,nse_symbols_consolidated.csv,2026-08-26,,False
2287.0,DIVIDEND,2026-07-22,2026-07-22,,10.0,,,1.0,HIGH,nse_symbols_consolidated.csv,2026-08-26,,False
546.0,DIVIDEND,2026-07-23,2026-07-23,,10.0,,,1.0,HIGH,nse_symbols_consolidated.csv,2026-08-26,,False
1504.0,DIVIDEND,2026-07-23,2026-07-23,,1.0,,,1.0,HIGH,nse_symbols_consolidated.csv,2026-08-26,,False
301.0,DIVIDEND,2026-07-23,2026-07-23,,5.0,,,1.0,HIGH,nse_symbols_consolidated.csv,2026-08-26,,False
326.0,DIVIDEND,2026-07-23,2026-07-23,,1.0,,,1.0,HIGH,nse_symbols_consolidated.csv,2026-08-26,,False
333.0,DIVIDEND,2026-07-23,2026-07-23,,1.0,,,1.0,HIGH,nse_symbols_consolidated.csv,2026-08-26,,False
36.0,DIVIDEND,2026-07-23,2026-07-23,,5.0,,,1.0,HIGH,nse_symbols_consolidated.csv,2026-08-26,,False
76.0,DIVIDEND,2026-07-23,2026-07-23,,10.0,,,1.0,HIGH,nse_symbols_consolidated.csv,2026-08-26,,False
988.0,DIVIDEND,2026-07-23,2026-07-23,,10.0,,,1.0,HIGH,nse_symbols_consolidated.csv,2026-08-26,,False
1602.0,DIVIDEND,2026-07-23,2026-07-23,,10.0,,,1.0,HIGH,nse_symbols_consolidated.csv,2026-08-26,,False
1637.0,DIVIDEND,2026-07-23,2026-07-23,,1.0,,,1.0,HIGH,nse_symbols_consolidated.csv,2026-08-26,,False
1679.0,DIVIDEND,2026-07-23,2026-07-23,,5.0,,,1.0,HIGH,nse_symbols_consolidated.csv,2026-08-26,,False
1704.0,DIVIDEND,2026-07-23,2026-07-23,,1.0,,,1.0,HIGH,nse_symbols_consolidated.csv,2026-08-26,,False
1753.0,DIVIDEND,2026-07-23,2026-07-23,,10.0,,,1.0,HIGH,nse_symbols_consolidated.csv,2026-08-26,,False
2169.0,DIVIDEND,2026-07-23,2026-07-23,,1.0,,,1.0,HIGH,nse_symbols_consolidated.csv,2026-08-26,,False
695.0,DIVIDEND,2026-07-23,2026-07-23,,10.0,,,1.0,HIGH,nse_symbols_consolidated.csv,2026-08-26,,False
544.0,DIVIDEND,2026-07-24,2026-07-24,,2.0,,,1.0,HIGH,nse_symbols_consolidated.csv,2026-08-26,,False
2482.0,DIVIDEND,2026-07-24,2026-07-24,,10.0,,,1.0,HIGH,nse_symbols_consolidated.csv,2026-08-26,,False
604.0,DIVIDEND,2026-07-24,2026-07-24,,2.0,,,1.0,HIGH,nse_symbols_consolidated.csv,2026-08-26,,False
657.0,DIVIDEND,2026-07-24,2026-07-24,,10.0,,,1.0,HIGH,nse_symbols_consolidated.csv,2026-08-26,,False
729.0,DIVIDEND,2026-07-24,2026-07-24,,10.0,,,1.0,HIGH,nse_symbols_consolidated.csv,2026-08-26,,False
749.0,DIVIDEND,2026-07-24,2026-07-24,,10.0,,,1.0,HIGH,nse_symbols_consolidated.csv,2026-08-26,,False
334.0,DIVIDEND,2026-07-24,2026-07-24,,5.0,,,1.0,HIGH,nse_symbols_consolidated.csv,2026-08-26,,False
343.0,DIVIDEND,2026-07-24,2026-07-24,,5.0,,,1.0,HIGH,nse_symbols_consolidated.csv,2026-08-26,,False
28.0,DIVIDEND,2026-07-24,2026-07-24,,10.0,,,1.0,HIGH,nse_symbols_consolidated.csv,2026-08-26,,False
355.0,DIVIDEND,2026-07-24,2026-07-24,,10.0,,,1.0,HIGH,nse_symbols_consolidated.csv,2026-08-26,,False
65.0,DIVIDEND,2026-07-24,2026-07-24,,2.0,,,1.0,HIGH,nse_symbols_consolidated.csv,2026-08-26,,False
,DIVIDEND,2026-07-24,2026-07-24,,99.0,,,0.7,MEDIUM,nse_symbols_consolidated.csv,2026-08-26,UNRESOLVED_SYMBOL,False
458.0,DIVIDEND,2026-07-24,2026-07-24,,5.0,,,1.0,HIGH,nse_symbols_consolidated.csv,2026-08-26,,False
929.0,DIVIDEND,2026-07-24,2026-07-24,,2.0,,,1.0,HIGH,nse_symbols_consolidated.csv,2026-08-26,,False
479.0,DIVIDEND,2026-07-24,2026-07-24,,2.0,,,1.0,HIGH,nse_symbols_consolidated.csv,2026-08-26,,False
497.0,DIVIDEND,2026-07-24,2026-07-24,,1.0,,,1.0,HIGH,nse_symbols_consolidated.csv,2026-08-26,,False
1548.0,DIVIDEND,2026-07-24,2026-07-24,,10.0,,,1.0,HIGH,nse_symbols_consolidated.csv,2026-08-26,,False
1575.0,DIVIDEND,2026-07-24,2026-07-24,,10.0,,,1.0,HIGH,nse_symbols_consolidated.csv,2026-08-26,,False
1580.0,DIVIDEND,2026-07-24,2026-07-24,,10.0,,,1.0,HIGH,nse_symbols_consolidated.csv,2026-08-26,,False
1060.0,DIVIDEND,2026-07-24,2026-07-24,,5.0,,,1.0,HIGH,nse_symbols_consolidated.csv,2026-08-26,,False
2558.0,DIVIDEND,2026-07-24,2026-07-24,,1.0,,,1.0,HIGH,nse_symbols_consolidated.csv,2026-08-26,,False
1132.0,SPLIT,2026-07-24,2026-07-24,,0.2,,,1.0,HIGH,nse_symbols_consolidated.csv,2026-08-26,,False
1153.0,DIVIDEND,2026-07-24,2026-07-24,,1.0,,,1.0,HIGH,nse_symbols_consolidated.csv,2026-08-26,,False
1154.0,DIVIDEND,2026-07-24,2026-07-24,,1.0,,,1.0,HIGH,nse_symbols_consolidated.csv,2026-08-26,,False
1633.0,DIVIDEND,2026-07-24,2026-07-24,,10.0,,,1.0,HIGH,nse_symbols_consolidated.csv,2026-08-26,,False
1183.0,DIVIDEND,2026-07-24,2026-07-24,,2.0,,,1.0,HIGH,nse_symbols_consolidated.csv,2026-08-26,,False
1213.0,DIVIDEND,2026-07-24,2026-07-24,,2.0,,,1.0,HIGH,nse_symbols_consolidated.csv,2026-08-26,,False
1686.0,DIVIDEND,2026-07-24,2026-07-24,,2.0,,,1.0,HIGH,nse_symbols_consolidated.csv,2026-08-26,,False
1961.0,DIVIDEND,2026-07-24,2026-07-24,,10.0,,,1.0,HIGH,nse_symbols_consolidated.csv,2026-08-26,,False
1799.0,DIVIDEND,2026-07-24,2026-07-24,,2.0,,,1.0,HIGH,nse_symbols_consolidated.csv,2026-08-26,,False
2060.0,DIVIDEND,2026-07-24,2026-07-24,,10.0,,,1.0,HIGH,nse_symbols_consolidated.csv,2026-08-26,,False
1838.0,DIVIDEND,2026-07-24,2026-07-24,,2.0,,,1.0,HIGH,nse_symbols_consolidated.csv,2026-08-26,,False
2076.0,DIVIDEND,2026-07-24,2026-07-24,,10.0,,,1.0,HIGH,nse_symbols_consolidated.csv,2026-08-26,,False
2089.0,DIVIDEND,2026-07-24,2026-07-25,,2.0,,,1.0,HIGH,nse_symbols_consolidated.csv,2026-08-26,,False
1863.0,DIVIDEND,2026-07-24,2026-07-24,,10.0,,,1.0,HIGH,nse_symbols_consolidated.csv,2026-08-26,,False
2151.0,DIVIDEND,2026-07-24,2026-07-24,,1.0,,,1.0,HIGH,nse_symbols_consolidated.csv,2026-08-26,,False
2222.0,DIVIDEND,2026-07-24,2026-07-24,,10.0,,,1.0,HIGH,nse_symbols_consolidated.csv,2026-08-26,,False
1520.0,DIVIDEND,2026-07-24,2026-07-24,,2.0,,,1.0,HIGH,nse_symbols_consolidated.csv,2026-08-26,,False
520.0,DIVIDEND,2026-07-24,2026-07-24,,2.0,,,1.0,HIGH,nse_symbols_consolidated.csv,2026-08-26,,False
1188.0,DIVIDEND,2026-07-27,2026-07-27,,1.0,,,1.0,HIGH,nse_symbols_consolidated.csv,2026-08-26,,False
1691.0,DIVIDEND,2026-07-27,2026-07-27,,5.0,,,1.0,HIGH,nse_symbols_consolidated.csv,2026-08-26,,False
2390.0,DIVIDEND,2026-07-27,2026-07-27,,10.0,,,1.0,HIGH,nse_symbols_consolidated.csv,2026-08-26,,False
2452.0,DIVIDEND,2026-07-27,2026-07-27,,10.0,,,1.0,HIGH,nse_symbols_consolidated.csv,2026-08-26,,False
2246.0,DIVIDEND,2026-07-27,2026-07-27,,10.0,,,1.0,HIGH,nse_symbols_consolidated.csv,2026-08-26,,False
,UNKNOWN,2026-07-27,2026-07-27,,100.0,,,0.55,LOW,nse_symbols_consolidated.csv,2026-08-26,"UNKNOWN_ACTION_TYPE,UNRESOLVED_SYMBOL",True
2523.0,DIVIDEND,2026-07-27,2026-07-27,,2.0,,,1.0,HIGH,nse_symbols_consolidated.csv,2026-08-26,,False
569.0,DIVIDEND,2026-07-27,2026-07-27,,2.0,,,1.0,HIGH,nse_symbols_consolidated.csv,2026-08-26,,False
607.0,DIVIDEND,2026-07-27,2026-07-27,,2.0,,,1.0,HIGH,nse_symbols_consolidated.csv,2026-08-26,,False
179.0,DIVIDEND,2026-07-27,2026-07-27,,1.0,,,1.0,HIGH,nse_symbols_consolidated.csv,2026-08-26,,False
708.0,DIVIDEND,2026-07-27,2026-07-27,,10.0,,,1.0,HIGH,nse_symbols_consolidated.csv,2026-08-26,,False
354.0,DIVIDEND,2026-07-27,2026-07-27,,10.0,,,1.0,HIGH,nse_symbols_consolidated.csv,2026-08-26,,False
,UNKNOWN,2026-07-27,2026-07-27,,100.0,,,0.55,LOW,nse_symbols_consolidated.csv,2026-08-26,"UNKNOWN_ACTION_TYPE,UNRESOLVED_SYMBOL",True
518.0,DIVIDEND,2026-07-27,2026-07-27,,1.0,,,1.0,HIGH,nse_symbols_consolidated.csv,2026-08-26,,False
2107.0,DIVIDEND,2026-07-28,2026-07-28,,2.0,,,1.0,HIGH,nse_symbols_consolidated.csv,2026-08-26,,False
2135.0,DIVIDEND,2026-07-28,2026-07-28,,10.0,,,1.0,HIGH,nse_symbols_consolidated.csv,2026-08-26,,False
1423.0,DIVIDEND,2026-07-28,2026-07-28,,1.0,,,1.0,HIGH,nse_symbols_consolidated.csv,2026-08-26,,False
614.0,DIVIDEND,2026-07-28,2026-07-28,,2.0,,,1.0,HIGH,nse_symbols_consolidated.csv,2026-08-26,,False
651.0,DIVIDEND,2026-07-28,2026-07-28,,10.0,,,1.0,HIGH,nse_symbols_consolidated.csv,2026-08-26,,False
818.0,DIVIDEND,2026-07-28,2026-07-28,,2.0,,,1.0,HIGH,nse_symbols_consolidated.csv,2026-08-26,,False
833.0,DIVIDEND,2026-07-28,2026-07-28,,5.0,,,1.0,HIGH,nse_symbols_consolidated.csv,2026-08-26,,False
856.0,DIVIDEND,2026-07-28,2026-07-28,,2.0,,,1.0,HIGH,nse_symbols_consolidated.csv,2026-08-26,,False
898.0,BONUS,2026-07-28,2026-07-28,,0.7142857142857143,,,1.0,HIGH,nse_symbols_consolidated.csv,2026-08-26,,False
,UNKNOWN,2026-07-28,2026-07-28,,102.0,,,0.55,LOW,nse_symbols_consolidated.csv,2026-08-26,"UNKNOWN_ACTION_TYPE,UNRESOLVED_SYMBOL",True
2013.0,DIVIDEND,2026-07-29,2026-07-29,,10.0,,,1.0,HIGH,nse_symbols_consolidated.csv,2026-08-26,,False
2065.0,DIVIDEND,2026-07-29,2026-07-29,,2.0,,,1.0,HIGH,nse_symbols_consolidated.csv,2026-08-26,,False
2348.0,DIVIDEND,2026-07-29,2026-07-29,,1.0,,,1.0,HIGH,nse_symbols_consolidated.csv,2026-08-26,,False
1882.0,DIVIDEND,2026-07-29,2026-07-29,,10.0,,,1.0,HIGH,nse_symbols_consolidated.csv,2026-08-26,,False
997.0,DIVIDEND,2026-07-29,2026-07-29,,10.0,,,1.0,HIGH,nse_symbols_consolidated.csv,2026-08-26,,False
2369.0,DIVIDEND,2026-07-29,2026-07-29,,1.0,,,1.0,HIGH,nse_symbols_consolidated.csv,2026-08-26,,False
165.0,DIVIDEND,2026-07-29,2026-07-29,,2.0,,,1.0,HIGH,nse_symbols_consolidated.csv,2026-08-26,,False
830.0,DIVIDEND,2026-07-29,2026-07-29,,10.0,,,1.0,HIGH,nse_symbols_consolidated.csv,2026-08-26,,False
1872.0,DIVIDEND,2026-07-29,2026-07-29,,10.0,,,1.0,HIGH,nse_symbols_consolidated.csv,2026-08-26,,False
1092.0,DIVIDEND,2026-07-30,2026-07-30,,10.0,,,1.0,HIGH,nse_symbols_consolidated.csv,2026-08-26,,False
2535.0,DIVIDEND,2026-07-30,2026-07-30,,10.0,,,1.0,HIGH,nse_symbols_consolidated.csv,2026-08-26,,False
1229.0,DIVIDEND,2026-07-30,2026-07-30,,1.0,,,1.0,HIGH,nse_symbols_consolidated.csv,2026-08-26,,False
1279.0,DIVIDEND,2026-07-30,2026-07-30,,10.0,,,1.0,HIGH,nse_symbols_consolidated.csv,2026-08-26,,False
2024.0,DIVIDEND,2026-07-30,2026-07-30,,2.0,,,1.0,HIGH,nse_symbols_consolidated.csv,2026-08-26,,False
1388.0,DIVIDEND,2026-07-30,2026-07-30,,1.0,,,1.0,HIGH,nse_symbols_consolidated.csv,2026-08-26,,False
2372.0,DIVIDEND,2026-07-30,2026-07-30,,10.0,,,1.0,HIGH,nse_symbols_consolidated.csv,2026-08-26,,False
632.0,DIVIDEND,2026-07-30,2026-07-30,,1.0,,,1.0,HIGH,nse_symbols_consolidated.csv,2026-08-26,,False
302.0,DIVIDEND,2026-07-30,2026-07-30,,10.0,,,1.0,HIGH,nse_symbols_consolidated.csv,2026-08-26,,False
357.0,DIVIDEND,2026-07-30,2026-07-30,,10.0,,,1.0,HIGH,nse_symbols_consolidated.csv,2026-08-26,,False
846.0,DIVIDEND,2026-07-30,2026-07-30,,10.0,,,1.0,HIGH,nse_symbols_consolidated.csv,2026-08-26,,False
850.0,DIVIDEND,2026-07-30,2026-07-30,,1.0,,,1.0,HIGH,nse_symbols_consolidated.csv,2026-08-26,,False
111.0,DIVIDEND,2026-07-30,2026-07-30,,10.0,,,1.0,HIGH,nse_symbols_consolidated.csv,2026-08-26,,False
464.0,DIVIDEND,2026-07-30,2026-07-30,,10.0,,,1.0,HIGH,nse_symbols_consolidated.csv,2026-08-26,,False
1002.0,DIVIDEND,2026-07-30,2026-07-30,,10.0,,,1.0,HIGH,nse_symbols_consolidated.csv,2026-08-26,,False
1131.0,DIVIDEND,2026-07-30,2026-07-30,,2.0,,,1.0,HIGH,nse_symbols_consolidated.csv,2026-08-26,,False
,UNKNOWN,2026-07-31,2026-07-31,,100.0,,,0.55,LOW,nse_symbols_consolidated.csv,2026-08-26,"UNKNOWN_ACTION_TYPE,UNRESOLVED_SYMBOL",True
1055.0,DEMERGER,2026-07-31,2026-08-01,,10.0,,,1.0,HIGH,nse_symbols_consolidated.csv,2026-08-26,,False
1693.0,DIVIDEND,2026-07-31,2026-07-31,,10.0,,,1.0,HIGH,nse_symbols_consolidated.csv,2026-08-26,,False
,DIVIDEND,2026-07-31,2026-07-31,,100.0,,,0.7,MEDIUM,nse_symbols_consolidated.csv,2026-08-26,UNRESOLVED_SYMBOL,False
1722.0,DIVIDEND,2026-07-31,2026-07-31,,10.0,,,1.0,HIGH,nse_symbols_consolidated.csv,2026-08-26,,False
,DIVIDEND,2026-07-31,2026-07-31,,100.0,,,0.7,MEDIUM,nse_symbols_consolidated.csv,2026-08-26,UNRESOLVED_SYMBOL,False
1265.0,DIVIDEND,2026-07-31,2026-07-31,,5.0,,,1.0,HIGH,nse_symbols_consolidated.csv,2026-08-26,,False
1746.0,DIVIDEND,2026-07-31,2026-07-31,,10.0,,,1.0,HIGH,nse_symbols_consolidated.csv,2026-08-26,,False
1755.0,DIVIDEND,2026-07-31,2026-07-31,,1.0,,,1.0,HIGH,nse_symbols_consolidated.csv,2026-08-26,,False
1769.0,DIVIDEND,2026-07-31,2026-07-31,,10.0,,,1.0,HIGH,nse_symbols_consolidated.csv,2026-08-26,,False
2029.0,DIVIDEND,2026-07-31,2026-07-31,,10.0,,,1.0,HIGH,nse_symbols_consolidated.csv,2026-08-26,,False
1814.0,DIVIDEND,2026-07-31,2026-07-31,,5.0,,,1.0,HIGH,nse_symbols_consolidated.csv,2026-08-26,,False
1347.0,DIVIDEND,2026-07-31,2026-07-31,,2.0,,,1.0,HIGH,nse_symbols_consolidated.csv,2026-08-26,,False
1364.0,DIVIDEND,2026-07-31,2026-07-31,,10.0,,,1.0,HIGH,nse_symbols_consolidated.csv,2026-08-26,,False
1835.0,DIVIDEND,2026-07-31,2026-07-31,,10.0,,,1.0,HIGH,nse_symbols_consolidated.csv,2026-08-26,,False
1837.0,DIVIDEND,2026-07-31,2026-07-31,,2.0,,,1.0,HIGH,nse_symbols_consolidated.csv,2026-08-26,,False
2084.0,DIVIDEND,2026-07-31,2026-07-31,,2.0,,,1.0,HIGH,nse_symbols_consolidated.csv,2026-08-26,,False
2086.0,DIVIDEND,2026-07-31,2026-07-31,,10.0,,,1.0,HIGH,nse_symbols_consolidated.csv,2026-08-26,,False
1869.0,DIVIDEND,2026-07-31,2026-07-31,,5.0,,,1.0,HIGH,nse_symbols_consolidated.csv,2026-08-26,,False
2145.0,DIVIDEND,2026-07-31,2026-07-31,,10.0,,,1.0,HIGH,nse_symbols_consolidated.csv,2026-08-26,,False
2388.0,DIVIDEND,2026-07-31,2026-07-31,,10.0,,,1.0,HIGH,nse_symbols_consolidated.csv,2026-08-26,,False
1931.0,DIVIDEND,2026-07-31,2026-07-31,,1.0,,,1.0,HIGH,nse_symbols_consolidated.csv,2026-08-26,,False
2420.0,DIVIDEND,2026-07-31,2026-08-01,,2.0,,,1.0,HIGH,nse_symbols_consolidated.csv,2026-08-26,,False
2437.0,DIVIDEND,2026-07-31,2026-07-31,,1.0,,,1.0,HIGH,nse_symbols_consolidated.csv,2026-08-26,,False
1514.0,SPLIT,2026-07-31,2026-07-31,,0.5,,,1.0,HIGH,nse_symbols_consolidated.csv,2026-08-26,,False
1011.0,DIVIDEND,2026-07-31,2026-07-31,,10.0,,,1.0,HIGH,nse_symbols_consolidated.csv,2026-08-26,,False
1017.0,DIVIDEND,2026-07-31,2026-07-31,,2.0,,,1.0,HIGH,nse_symbols_consolidated.csv,2026-08-26,,False
527.0,DIVIDEND,2026-07-31,2026-07-31,,1.0,,,1.0,HIGH,nse_symbols_consolidated.csv,2026-08-26,,False
121.0,DIVIDEND,2026-07-31,2026-07-31,,10.0,,,1.0,HIGH,nse_symbols_consolidated.csv,2026-08-26,,False
143.0,DIVIDEND,2026-07-31,2026-07-31,,2.0,,,1.0,HIGH,nse_symbols_consolidated.csv,2026-08-26,,False
558.0,DIVIDEND,2026-07-31,2026-07-31,,2.0,,,1.0,HIGH,nse_symbols_consolidated.csv,2026-08-26,,False
216.0,DIVIDEND,2026-07-31,2026-07-31,,2.0,,,1.0,HIGH,nse_symbols_consolidated.csv,2026-08-26,,False
225.0,DIVIDEND,2026-07-31,2026-07-31,,2.0,,,1.0,HIGH,nse_symbols_consolidated.csv,2026-08-26,,False
237.0,DIVIDEND,2026-07-31,2026-07-31,,10.0,,,1.0,HIGH,nse_symbols_consolidated.csv,2026-08-26,,False
647.0,DIVIDEND,2026-07-31,2026-07-31,,1.0,,,1.0,HIGH,nse_symbols_consolidated.csv,2026-08-26,,False
652.0,DIVIDEND,2026-07-31,2026-07-31,,2.0,,,1.0,HIGH,nse_symbols_consolidated.csv,2026-08-26,,False
280.0,DIVIDEND,2026-07-31,2026-07-31,,2.0,,,1.0,HIGH,nse_symbols_consolidated.csv,2026-08-26,,False
681.0,DIVIDEND,2026-07-31,2026-07-31,,10.0,,,1.0,HIGH,nse_symbols_consolidated.csv,2026-08-26,,False
713.0,DIVIDEND,2026-07-31,2026-08-01,,10.0,,,1.0,HIGH,nse_symbols_consolidated.csv,2026-08-26,,False
304.0,DIVIDEND,2026-07-31,2026-07-31,,5.0,,,1.0,HIGH,nse_symbols_consolidated.csv,2026-08-26,,False
305.0,DIVIDEND,2026-07-31,2026-07-31,,5.0,,,1.0,HIGH,nse_symbols_consolidated.csv,2026-08-26,,False
733.0,DIVIDEND,2026-07-31,2026-07-31,,5.0,,,1.0,HIGH,nse_symbols_consolidated.csv,2026-08-26,,False
739.0,DIVIDEND,2026-07-31,2026-07-31,,1.0,,,1.0,HIGH,nse_symbols_consolidated.csv,2026-08-26,,False
761.0,DIVIDEND,2026-07-31,2026-07-31,,10.0,,,1.0,HIGH,nse_symbols_consolidated.csv,2026-08-26,,False
763.0,DIVIDEND,2026-07-31,2026-07-31,,2.0,,,1.0,HIGH,nse_symbols_consolidated.csv,2026-08-26,,False
344.0,DIVIDEND,2026-07-31,2026-07-31,,5.0,,,1.0,HIGH,nse_symbols_consolidated.csv,2026-08-26,,False
382.0,DIVIDEND,2026-07-31,2026-07-31,,2.0,,,1.0,HIGH,nse_symbols_consolidated.csv,2026-08-26,,False
397.0,DIVIDEND,2026-07-31,2026-07-31,,1.0,,,1.0,HIGH,nse_symbols_consolidated.csv,2026-08-26,,False
413.0,DIVIDEND,2026-07-31,2026-07-31,,5.0,,,1.0,HIGH,nse_symbols_consolidated.csv,2026-08-26,,False
424.0,DIVIDEND,2026-07-31,2026-07-31,,1.0,,,1.0,HIGH,nse_symbols_consolidated.csv,2026-08-26,,False
858.0,DIVIDEND,2026-07-31,2026-07-31,,1.0,,,1.0,HIGH,nse_symbols_consolidated.csv,2026-08-26,,False
435.0,DIVIDEND,2026-07-31,2026-07-31,,10.0,,,1.0,HIGH,nse_symbols_consolidated.csv,2026-08-26,,False
439.0,DIVIDEND,2026-07-31,2026-07-31,,5.0,,,1.0,HIGH,nse_symbols_consolidated.csv,2026-08-26,,False
445.0,DIVIDEND,2026-07-31,2026-07-31,,10.0,,,1.0,HIGH,nse_symbols_consolidated.csv,2026-08-26,,False
887.0,DIVIDEND,2026-07-31,2026-07-31,,10.0,,,1.0,HIGH,nse_symbols_consolidated.csv,2026-08-26,,False
483.0,DIVIDEND,2026-07-31,2026-07-31,,10.0,,,1.0,HIGH,nse_symbols_consolidated.csv,2026-08-26,,False
976.0,DIVIDEND,2026-07-31,2026-07-31,,10.0,,,1.0,HIGH,nse_symbols_consolidated.csv,2026-08-26,,False
998.0,DIVIDEND,2026-07-31,2026-07-31,,10.0,,,1.0,HIGH,nse_symbols_consolidated.csv,2026-08-26,,False
2527.0,DIVIDEND,2026-07-31,2026-07-31,,1.0,,,1.0,HIGH,nse_symbols_consolidated.csv,2026-08-26,,False
2305.0,DIVIDEND,2026-07-31,2026-07-31,,10.0,,,1.0,HIGH,nse_symbols_consolidated.csv,2026-08-26,,False
1214.0,DIVIDEND,2026-07-31,2026-07-31,,2.0,,,1.0,HIGH,nse_symbols_consolidated.csv,2026-08-26,,False
674.0,DIVIDEND,2026-08-03,2026-08-03,,10.0,,,1.0,HIGH,nse_symbols_consolidated.csv,2026-08-26,,False
303.0,DIVIDEND,2026-08-03,2026-08-03,,5.0,,,1.0,HIGH,nse_symbols_consolidated.csv,2026-08-26,,False
488.0,DIVIDEND,2026-08-03,2026-08-03,,2.0,,,1.0,HIGH,nse_symbols_consolidated.csv,2026-08-26,,False
2331.0,DIVIDEND,2026-08-03,2026-08-03,,2.0,,,1.0,HIGH,nse_symbols_consolidated.csv,2026-08-26,,False
1164.0,DIVIDEND,2026-08-03,2026-08-03,,10.0,,,1.0,HIGH,nse_symbols_consolidated.csv,2026-08-26,,False
1165.0,DIVIDEND,2026-08-03,2026-08-03,,2.0,,,1.0,HIGH,nse_symbols_consolidated.csv,2026-08-26,,False
1179.0,DIVIDEND,2026-08-03,2026-08-03,,10.0,,,1.0,HIGH,nse_symbols_consolidated.csv,2026-08-26,,False
984.0,DIVIDEND,2026-08-03,2026-08-03,,2.0,,,1.0,HIGH,nse_symbols_consolidated.csv,2026-08-26,,False
144.0,DIVIDEND,2026-08-04,2026-08-04,,2.0,,,1.0,HIGH,nse_symbols_consolidated.csv,2026-08-26,,False
287.0,DIVIDEND,2026-08-04,2026-08-04,,2.0,,,1.0,HIGH,nse_symbols_consolidated.csv,2026-08-26,,False
,DIVIDEND,2026-08-04,2026-08-04,,300.0,,,0.7,MEDIUM,nse_symbols_consolidated.csv,2026-08-26,UNRESOLVED_SYMBOL,False
707.0,DIVIDEND,2026-08-04,2026-08-04,,5.0,,,1.0,HIGH,nse_symbols_consolidated.csv,2026-08-26,,False
389.0,DIVIDEND,2026-08-04,2026-08-04,,10.0,,,1.0,HIGH,nse_symbols_consolidated.csv,2026-08-26,,False
859.0,DIVIDEND,2026-08-04,2026-08-04,,1.0,,,1.0,HIGH,nse_symbols_consolidated.csv,2026-08-26,,False
864.0,DIVIDEND,2026-08-04,2026-08-04,,10.0,,,1.0,HIGH,nse_symbols_consolidated.csv,2026-08-26,,False
112.0,DIVIDEND,2026-08-04,2026-08-04,,2.0,,,1.0,HIGH,nse_symbols_consolidated.csv,2026-08-26,,False
496.0,DIVIDEND,2026-08-04,2026-08-04,,5.0,,,1.0,HIGH,nse_symbols_consolidated.csv,2026-08-26,,False
953.0,DIVIDEND,2026-08-04,2026-08-04,,2.0,,,1.0,HIGH,nse_symbols_consolidated.csv,2026-08-26,,False
2262.0,DIVIDEND,2026-08-04,2026-08-04,,10.0,,,1.0,HIGH,nse_symbols_consolidated.csv,2026-08-26,,False
1683.0,DIVIDEND,2026-08-04,2026-08-04,,1.0,,,1.0,HIGH,nse_symbols_consolidated.csv,2026-08-26,,False
1385.0,DIVIDEND,2026-08-04,2026-08-04,,2.0,,,1.0,HIGH,nse_symbols_consolidated.csv,2026-08-26,,False
2115.0,DIVIDEND,2026-08-04,2026-08-04,,5.0,,,1.0,HIGH,nse_symbols_consolidated.csv,2026-08-26,,False
157.0,DIVIDEND,2026-08-05,2026-08-05,,5.0,,,1.0,HIGH,nse_symbols_consolidated.csv,2026-08-26,,False
,DIVIDEND,2026-08-05,2026-08-05,,100.0,,,0.7,MEDIUM,nse_symbols_consolidated.csv,2026-08-26,UNRESOLVED_SYMBOL,False
244.0,DIVIDEND,2026-08-05,2026-08-05,,10.0,,,1.0,HIGH,nse_symbols_consolidated.csv,2026-08-26,,False
278.0,DIVIDEND,2026-08-05,2026-08-05,,1.0,,,1.0,HIGH,nse_symbols_consolidated.csv,2026-08-26,,False
306.0,DIVIDEND,2026-08-05,2026-08-05,,10.0,,,1.0,HIGH,nse_symbols_consolidated.csv,2026-08-26,,False
727.0,DIVIDEND,2026-08-05,2026-08-05,,5.0,,,1.0,HIGH,nse_symbols_consolidated.csv,2026-08-26,,False
764.0,DIVIDEND,2026-08-05,2026-08-05,,5.0,,,1.0,HIGH,nse_symbols_consolidated.csv,2026-08-26,,False
327.0,DIVIDEND,2026-08-05,2026-08-05,,1.0,,,1.0,HIGH,nse_symbols_consolidated.csv,2026-08-26,,False
394.0,DIVIDEND,2026-08-05,2026-08-05,,10.0,,,1.0,HIGH,nse_symbols_consolidated.csv,2026-08-26,,False
841.0,DIVIDEND,2026-08-05,2026-08-05,,10.0,,,1.0,HIGH,nse_symbols_consolidated.csv,2026-08-26,,False
56.0,DIVIDEND,2026-08-05,2026-08-05,,2.0,,,1.0,HIGH,nse_symbols_consolidated.csv,2026-08-26,,False
98.0,DIVIDEND,2026-08-05,2026-08-05,,2.0,,,1.0,HIGH,nse_symbols_consolidated.csv,2026-08-26,,False
979.0,DIVIDEND,2026-08-05,2026-08-05,,10.0,,,1.0,HIGH,nse_symbols_consolidated.csv,2026-08-26,,False
2264.0,DIVIDEND,2026-08-05,2026-08-05,,1.0,,,1.0,HIGH,nse_symbols_consolidated.csv,2026-08-26,,False
2274.0,SPLIT,2026-08-05,2026-08-05,,0.1,,,1.0,HIGH,nse_symbols_consolidated.csv,2026-08-26,,False
1600.0,DIVIDEND,2026-08-05,2026-08-05,,5.0,,,1.0,HIGH,nse_symbols_consolidated.csv,2026-08-26,,False
1073.0,DIVIDEND,2026-08-05,2026-08-05,,1.0,,,1.0,HIGH,nse_symbols_consolidated.csv,2026-08-26,,False
2051.0,DIVIDEND,2026-08-05,2026-08-05,,10.0,,,1.0,HIGH,nse_symbols_consolidated.csv,2026-08-26,,False
2072.0,DIVIDEND,2026-08-05,2026-08-05,,2.0,,,1.0,HIGH,nse_symbols_consolidated.csv,2026-08-26,,False
,UNKNOWN,2026-08-05,2026-08-05,,100.0,,,0.55,LOW,nse_symbols_consolidated.csv,2026-08-26,"UNKNOWN_ACTION_TYPE,UNRESOLVED_SYMBOL",True
1398.0,DIVIDEND,2026-08-05,2026-08-05,,5.0,,,1.0,HIGH,nse_symbols_consolidated.csv,2026-08-26,,False
2110.0,DIVIDEND,2026-08-05,2026-08-05,,2.0,,,1.0,HIGH,nse_symbols_consolidated.csv,2026-08-26,,False
2364.0,DIVIDEND,2026-08-05,2026-08-05,,10.0,,,1.0,HIGH,nse_symbols_consolidated.csv,2026-08-26,,False
2413.0,DIVIDEND,2026-08-05,2026-08-05,,1.0,,,1.0,HIGH,nse_symbols_consolidated.csv,2026-08-26,,False
1497.0,DIVIDEND,2026-08-05,2026-08-05,,2.0,,,1.0,HIGH,nse_symbols_consolidated.csv,2026-08-26,,False
601.0,DIVIDEND,2026-08-05,2026-08-05,,10.0,,,1.0,HIGH,nse_symbols_consolidated.csv,2026-08-26,,False
339.0,DIVIDEND,2026-08-06,2026-08-06,,10.0,,,1.0,HIGH,nse_symbols_consolidated.csv,2026-08-26,,False
784.0,RIGHTS,2026-08-06,2026-08-06,,5.0,,,1.0,HIGH,nse_symbols_consolidated.csv,2026-08-26,,False
360.0,DIVIDEND,2026-08-06,2026-08-06,,1.0,,,1.0,HIGH,nse_symbols_consolidated.csv,2026-08-26,,False
,DIVIDEND,2026-08-06,2026-08-06,,100.0,,,0.7,MEDIUM,nse_symbols_consolidated.csv,2026-08-26,UNRESOLVED_SYMBOL,False
1048.0,DIVIDEND,2026-08-06,2026-08-06,,10.0,,,1.0,HIGH,nse_symbols_consolidated.csv,2026-08-26,,False
1065.0,DIVIDEND,2026-08-06,2026-08-06,,10.0,,,1.0,HIGH,nse_symbols_consolidated.csv,2026-08-26,,False
2245.0,DIVIDEND,2026-08-06,2026-08-06,,10.0,,,1.0,HIGH,nse_symbols_consolidated.csv,2026-08-26,,False
1313.0,DIVIDEND,2026-08-06,2026-08-06,,10.0,,,1.0,HIGH,nse_symbols_consolidated.csv,2026-08-26,,False
2020.0,RIGHTS,2026-08-06,2026-08-06,,10.0,,,1.0,HIGH,nse_symbols_consolidated.csv,2026-08-26,,False
1333.0,DIVIDEND,2026-08-06,2026-08-06,,10.0,,,1.0,HIGH,nse_symbols_consolidated.csv,2026-08-26,,False
1334.0,DIVIDEND,2026-08-06,2026-08-06,,2.0,,,1.0,HIGH,nse_symbols_consolidated.csv,2026-08-26,,False
1823.0,DIVIDEND,2026-08-06,2026-08-06,,10.0,,,1.0,HIGH,nse_symbols_consolidated.csv,2026-08-26,,False
1444.0,DIVIDEND,2026-08-06,2026-08-06,,10.0,,,1.0,HIGH,nse_symbols_consolidated.csv,2026-08-26,,False
1748.0,DIVIDEND,2026-08-06,2026-08-06,,2.0,,,1.0,HIGH,nse_symbols_consolidated.csv,2026-08-26,,False
,DIVIDEND,2026-08-07,2026-08-07,,100.0,,,0.7,MEDIUM,nse_symbols_consolidated.csv,2026-08-26,UNRESOLVED_SYMBOL,False
2513.0,DIVIDEND,2026-08-07,2026-08-07,,2.0,,,1.0,HIGH,nse_symbols_consolidated.csv,2026-08-26,,False
250.0,DIVIDEND,2026-08-07,2026-08-07,,1.0,,,1.0,HIGH,nse_symbols_consolidated.csv,2026-08-26,,False
789.0,DIVIDEND,2026-08-07,2026-08-07,,10.0,,,1.0,HIGH,nse_symbols_consolidated.csv,2026-08-26,,False
22.0,DIVIDEND,2026-08-07,2026-08-07,,10.0,,,1.0,HIGH,nse_symbols_consolidated.csv,2026-08-26,,False
27.0,DIVIDEND,2026-08-07,2026-08-07,,2.0,,,1.0,HIGH,nse_symbols_consolidated.csv,2026-08-26,,False
34.0,DIVIDEND,2026-08-07,2026-08-07,,10.0,,,1.0,HIGH,nse_symbols_consolidated.csv,2026-08-26,,False
852.0,DIVIDEND,2026-08-07,2026-08-07,,2.0,,,1.0,HIGH,nse_symbols_consolidated.csv,2026-08-26,,False
118.0,DIVIDEND,2026-08-07,2026-08-07,,2.0,,,1.0,HIGH,nse_symbols_consolidated.csv,2026-08-26,,False
463.0,DIVIDEND,2026-08-07,2026-08-07,,10.0,,,1.0,HIGH,nse_symbols_consolidated.csv,2026-08-26,,False
467.0,DIVIDEND,2026-08-07,2026-08-07,,1.0,,,1.0,HIGH,nse_symbols_consolidated.csv,2026-08-26,,False
992.0,DIVIDEND,2026-08-07,2026-08-07,,10.0,,,1.0,HIGH,nse_symbols_consolidated.csv,2026-08-26,,False
1545.0,DIVIDEND,2026-08-07,2026-08-07,,2.0,,,1.0,HIGH,nse_symbols_consolidated.csv,2026-08-26,,False
2525.0,DIVIDEND,2026-08-07,2026-08-07,,10.0,,,1.0,HIGH,nse_symbols_consolidated.csv,2026-08-26,,False
2300.0,DIVIDEND,2026-08-07,2026-08-07,,1.0,,,1.0,HIGH,nse_symbols_consolidated.csv,2026-08-26,,False
1070.0,DIVIDEND,2026-08-07,2026-08-07,,1.0,,,1.0,HIGH,nse_symbols_consolidated.csv,2026-08-26,,False
1106.0,DIVIDEND,2026-08-07,2026-08-07,,5.0,,,1.0,HIGH,nse_symbols_consolidated.csv,2026-08-26,,False
1149.0,DIVIDEND,2026-08-07,2026-08-07,,1.0,,,1.0,HIGH,nse_symbols_consolidated.csv,2026-08-26,,False
1191.0,DIVIDEND,2026-08-07,2026-08-07,,2.0,,,1.0,HIGH,nse_symbols_consolidated.csv,2026-08-26,,False
1706.0,DIVIDEND,2026-08-07,2026-08-07,,1.0,,,1.0,HIGH,nse_symbols_consolidated.csv,2026-08-26,,False
1319.0,DIVIDEND,2026-08-07,2026-08-07,,10.0,,,1.0,HIGH,nse_symbols_consolidated.csv,2026-08-26,,False
2021.0,DIVIDEND,2026-08-07,2026-08-07,,10.0,,,1.0,HIGH,nse_symbols_consolidated.csv,2026-08-26,,False
,DIVIDEND,2026-08-07,2026-08-07,,100.0,,,0.7,MEDIUM,nse_symbols_consolidated.csv,2026-08-26,UNRESOLVED_SYMBOL,False
1791.0,DIVIDEND,2026-08-07,2026-08-07,,10.0,,,1.0,HIGH,nse_symbols_consolidated.csv,2026-08-26,,False
2060.0,DIVIDEND,2026-08-07,2026-08-07,,10.0,,,1.0,HIGH,nse_symbols_consolidated.csv,2026-08-26,,False
1371.0,DIVIDEND,2026-08-07,2026-08-07,,10.0,,,1.0,HIGH,nse_symbols_consolidated.csv,2026-08-26,,False
1393.0,DIVIDEND,2026-08-07,2026-08-07,,5.0,,,1.0,HIGH,nse_symbols_consolidated.csv,2026-08-26,,False
2360.0,DIVIDEND,2026-08-07,2026-08-07,,1.0,,,1.0,HIGH,nse_symbols_consolidated.csv,2026-08-26,,False
,DIVIDEND,2026-08-07,2026-08-08,,275.0,,,0.7,MEDIUM,nse_symbols_consolidated.csv,2026-08-26,UNRESOLVED_SYMBOL,False
1902.0,DIVIDEND,2026-08-07,2026-08-07,,1.0,,,1.0,HIGH,nse_symbols_consolidated.csv,2026-08-26,,False
1922.0,DIVIDEND,2026-08-07,2026-08-07,,10.0,,,1.0,HIGH,nse_symbols_consolidated.csv,2026-08-26,,False
1924.0,DIVIDEND,2026-08-07,2026-08-07,,10.0,,,1.0,HIGH,nse_symbols_consolidated.csv,2026-08-26,,False
2151.0,DIVIDEND,2026-08-07,2026-08-07,,1.0,,,1.0,HIGH,nse_symbols_consolidated.csv,2026-08-26,,False
2416.0,DIVIDEND,2026-08-07,2026-08-07,,1.0,,,1.0,HIGH,nse_symbols_consolidated.csv,2026-08-26,,False
1492.0,DIVIDEND,2026-08-07,2026-08-07,,10.0,,,1.0,HIGH,nse_symbols_consolidated.csv,2026-08-26,,False
2430.0,DIVIDEND,2026-08-07,2026-08-07,,10.0,,,1.0,HIGH,nse_symbols_consolidated.csv,2026-08-26,,False
1521.0,DIVIDEND,2026-08-07,2026-08-07,,1.0,,,1.0,HIGH,nse_symbols_consolidated.csv,2026-08-26,,False
197.0,DIVIDEND,2026-08-07,2026-08-07,,4.0,,,1.0,HIGH,nse_symbols_consolidated.csv,2026-08-26,,False
255.0,DIVIDEND,2026-08-10,2026-08-10,,1.0,,,1.0,HIGH,nse_symbols_consolidated.csv,2026-08-26,,False
479.0,DIVIDEND,2026-08-10,2026-08-10,,2.0,,,1.0,HIGH,nse_symbols_consolidated.csv,2026-08-26,,False
2529.0,DIVIDEND,2026-08-10,2026-08-10,,2.0,,,1.0,HIGH,nse_symbols_consolidated.csv,2026-08-26,,False
,UNKNOWN,2026-08-10,2026-08-10,,100.0,,,0.55,LOW,nse_symbols_consolidated.csv,2026-08-26,"UNKNOWN_ACTION_TYPE,UNRESOLVED_SYMBOL",True
2164.0,DIVIDEND,2026-08-10,2026-08-10,,10.0,,,1.0,HIGH,nse_symbols_consolidated.csv,2026-08-26,,False
1122.0,DIVIDEND,2026-08-10,2026-08-10,,10.0,,,1.0,HIGH,nse_symbols_consolidated.csv,2026-08-26,,False
1778.0,DIVIDEND,2026-08-10,2026-08-10,,10.0,,,1.0,HIGH,nse_symbols_consolidated.csv,2026-08-26,,False
1360.0,DIVIDEND,2026-08-10,2026-08-10,,10.0,,,1.0,HIGH,nse_symbols_consolidated.csv,2026-08-26,,False
1865.0,DIVIDEND,2026-08-10,2026-08-10,,10.0,,,1.0,HIGH,nse_symbols_consolidated.csv,2026-08-26,,False
1047.0,DIVIDEND,2026-08-10,2026-08-10,,10.0,,,1.0,HIGH,nse_symbols_consolidated.csv,2026-08-26,,False
631.0,DIVIDEND,2026-08-11,2026-08-11,,10.0,,,1.0,HIGH,nse_symbols_consolidated.csv,2026-08-26,,False
775.0,DIVIDEND,2026-08-11,2026-08-11,,10.0,,,1.0,HIGH,nse_symbols_consolidated.csv,2026-08-26,,False
804.0,DIVIDEND,2026-08-11,2026-08-11,,1.0,,,1.0,HIGH,nse_symbols_consolidated.csv,2026-08-26,,False
828.0,DIVIDEND,2026-08-11,2026-08-11,,2.0,,,1.0,HIGH,nse_symbols_consolidated.csv,2026-08-26,,False
429.0,DIVIDEND,2026-08-11,2026-08-11,,5.0,,,1.0,HIGH,nse_symbols_consolidated.csv,2026-08-26,,False
456.0,DIVIDEND,2026-08-11,2026-08-11,,10.0,,,1.0,HIGH,nse_symbols_consolidated.csv,2026-08-26,,False
2232.0,DIVIDEND,2026-08-11,2026-08-11,,10.0,,,1.0,HIGH,nse_symbols_consolidated.csv,2026-08-26,,False
1231.0,DIVIDEND,2026-08-11,2026-08-11,,10.0,,,1.0,HIGH,nse_symbols_consolidated.csv,2026-08-26,,False
1825.0,DIVIDEND,2026-08-11,2026-08-11,,2.0,,,1.0,HIGH,nse_symbols_consolidated.csv,2026-08-26,,False
2074.0,DIVIDEND,2026-08-11,2026-08-11,,5.0,,,1.0,HIGH,nse_symbols_consolidated.csv,2026-08-26,,False
2168.0,DIVIDEND,2026-08-11,2026-08-11,,2.0,,,1.0,HIGH,nse_symbols_consolidated.csv,2026-08-26,,False
2226.0,DIVIDEND,2026-08-11,2026-08-11,,2.0,,,1.0,HIGH,nse_symbols_consolidated.csv,2026-08-26,,False
1215.0,DIVIDEND,2026-08-11,2026-08-11,,10.0,,,1.0,HIGH,nse_symbols_consolidated.csv,2026-08-26,,False
1042.0,DIVIDEND,2026-08-12,2026-08-12,,10.0,,,1.0,HIGH,nse_symbols_consolidated.csv,2026-08-26,,False
629.0,DIVIDEND,2026-08-12,2026-08-12,,10.0,,,1.0,HIGH,nse_symbols_consolidated.csv,2026-08-26,,False
756.0,DIVIDEND,2026-08-12,2026-08-12,,1.0,,,1.0,HIGH,nse_symbols_consolidated.csv,2026-08-26,,False
414.0,DIVIDEND,2026-08-12,2026-08-12,,2.0,,,1.0,HIGH,nse_symbols_consolidated.csv,2026-08-26,,False
935.0,DIVIDEND,2026-08-12,2026-08-12,,10.0,,,1.0,HIGH,nse_symbols_consolidated.csv,2026-08-26,,False
,UNKNOWN,2026-08-12,2026-08-12,,101.0,,,0.55,LOW,nse_symbols_consolidated.csv,2026-08-26,"UNKNOWN_ACTION_TYPE,UNRESOLVED_SYMBOL",True
1536.0,DIVIDEND,2026-08-12,2026-08-12,,10.0,,,1.0,HIGH,nse_symbols_consolidated.csv,2026-08-26,,False
1946.0,DIVIDEND,2026-08-12,2026-08-12,,10.0,,,1.0,HIGH,nse_symbols_consolidated.csv,2026-08-26,,False
1188.0,DIVIDEND,2026-08-12,2026-08-12,,1.0,,,1.0,HIGH,nse_symbols_consolidated.csv,2026-08-26,,False
1242.0,DIVIDEND,2026-08-12,2026-08-12,,10.0,,,1.0,HIGH,nse_symbols_consolidated.csv,2026-08-26,,False
2384.0,DIVIDEND,2026-08-12,2026-08-12,,10.0,,,1.0,HIGH,nse_symbols_consolidated.csv,2026-08-26,,False
2408.0,DIVIDEND,2026-08-12,2026-08-12,,2.0,,,1.0,HIGH,nse_symbols_consolidated.csv,2026-08-26,,False
1555.0,DIVIDEND,2026-08-12,2026-08-12,,10.0,,,1.0,HIGH,nse_symbols_consolidated.csv,2026-08-26,,False
591.0,DIVIDEND,2026-08-13,2026-08-13,,10.0,,,1.0,HIGH,nse_symbols_consolidated.csv,2026-08-26,,False
1541.0,DIVIDEND,2026-08-13,2026-08-13,,10.0,,,1.0,HIGH,nse_symbols_consolidated.csv,2026-08-26,,False
320.0,DIVIDEND,2026-08-13,2026-08-13,,1.0,,,1.0,HIGH,nse_symbols_consolidated.csv,2026-08-26,,False
,DIVIDEND,2026-08-13,2026-08-13,,275.0,,,0.7,MEDIUM,nse_symbols_consolidated.csv,2026-08-26,UNRESOLVED_SYMBOL,False
831.0,DIVIDEND,2026-08-13,2026-08-13,,1.0,,,1.0,HIGH,nse_symbols_consolidated.csv,2026-08-26,,False
441.0,DIVIDEND,2026-08-13,2026-08-13,,10.0,,,1.0,HIGH,nse_symbols_consolidated.csv,2026-08-26,,False
1738.0,DIVIDEND,2026-08-13,2026-08-13,,10.0,,,1.0,HIGH,nse_symbols_consolidated.csv,2026-08-26,,False
1754.0,DIVIDEND,2026-08-13,2026-08-13,,10.0,,,1.0,HIGH,nse_symbols_consolidated.csv,2026-08-26,,False
1761.0,DIVIDEND,2026-08-13,2026-08-13,,10.0,,,1.0,HIGH,nse_symbols_consolidated.csv,2026-08-26,,False
1801.0,DIVIDEND,2026-08-13,2026-08-13,,10.0,,,1.0,HIGH,nse_symbols_consolidated.csv,2026-08-26,,False
1817.0,DIVIDEND,2026-08-13,2026-08-13,,1.0,,,1.0,HIGH,nse_symbols_consolidated.csv,2026-08-26,,False
1818.0,DIVIDEND,2026-08-13,2026-08-13,,1.0,,,1.0,HIGH,nse_symbols_consolidated.csv,2026-08-26,,False
,UNKNOWN,2026-08-13,2026-08-13,,100.0,,,0.55,LOW,nse_symbols_consolidated.csv,2026-08-26,"UNKNOWN_ACTION_TYPE,UNRESOLVED_SYMBOL",True
2118.0,DIVIDEND,2026-08-13,2026-08-13,,1.0,,,1.0,HIGH,nse_symbols_consolidated.csv,2026-08-26,,False
2398.0,DIVIDEND,2026-08-13,2026-08-13,,1.0,,,1.0,HIGH,nse_symbols_consolidated.csv,2026-08-26,,False
2463.0,DIVIDEND,2026-08-13,2026-08-13,,2.0,,,1.0,HIGH,nse_symbols_consolidated.csv,2026-08-26,,False
1531.0,DIVIDEND,2026-08-13,2026-08-13,,10.0,,,1.0,HIGH,nse_symbols_consolidated.csv,2026-08-26,,False
257.0,DIVIDEND,2026-08-13,2026-08-13,,5.0,,,1.0,HIGH,nse_symbols_consolidated.csv,2026-08-26,,False
,DIVIDEND,2026-08-14,2026-08-14,,100.0,,,0.7,MEDIUM,nse_symbols_consolidated.csv,2026-08-26,UNRESOLVED_SYMBOL,False
1529.0,DIVIDEND,2026-08-14,2026-08-14,,2.0,,,1.0,HIGH,nse_symbols_consolidated.csv,2026-08-26,,False
167.0,DIVIDEND,2026-08-14,2026-08-14,,5.0,,,1.0,HIGH,nse_symbols_consolidated.csv,2026-08-26,,False
634.0,DIVIDEND,2026-08-14,2026-08-14,,10.0,,,1.0,HIGH,nse_symbols_consolidated.csv,2026-08-26,,False
223.0,DIVIDEND,2026-08-14,2026-08-14,,1.0,,,1.0,HIGH,nse_symbols_consolidated.csv,2026-08-26,,False
660.0,DIVIDEND,2026-08-14,2026-08-14,,1.0,,,1.0,HIGH,nse_symbols_consolidated.csv,2026-08-26,,False
,DIVIDEND,2026-08-14,2026-08-14,,100.0,,,0.7,MEDIUM,nse_symbols_consolidated.csv,2026-08-26,UNRESOLVED_SYMBOL,False
723.0,DIVIDEND,2026-08-14,2026-08-14,,2.0,,,1.0,HIGH,nse_symbols_consolidated.csv,2026-08-26,,False
767.0,DIVIDEND,2026-08-14,2026-08-14,,10.0,,,1.0,HIGH,nse_symbols_consolidated.csv,2026-08-26,,False
16.0,DIVIDEND,2026-08-14,2026-08-14,,10.0,,,1.0,HIGH,nse_symbols_consolidated.csv,2026-08-26,,False
844.0,DIVIDEND,2026-08-14,2026-08-14,,1.0,,,1.0,HIGH,nse_symbols_consolidated.csv,2026-08-26,,False
417.0,DIVIDEND,2026-08-14,2026-08-14,,10.0,,,1.0,HIGH,nse_symbols_consolidated.csv,2026-08-26,,False
117.0,DIVIDEND,2026-08-14,2026-08-14,,10.0,,,1.0,HIGH,nse_symbols_consolidated.csv,2026-08-26,,False
891.0,DIVIDEND,2026-08-14,2026-08-14,,5.0,,,1.0,HIGH,nse_symbols_consolidated.csv,2026-08-26,,False
949.0,DIVIDEND,2026-08-14,2026-08-14,,10.0,,,1.0,HIGH,nse_symbols_consolidated.csv,2026-08-26,,False
517.0,DIVIDEND,2026-08-14,2026-08-14,,10.0,,,1.0,HIGH,nse_symbols_consolidated.csv,2026-08-26,,False
2281.0,DIVIDEND,2026-08-14,2026-08-14,,2.0,,,1.0,HIGH,nse_symbols_consolidated.csv,2026-08-26,,False
2530.0,DIVIDEND,2026-08-14,2026-08-14,,10.0,,,1.0,HIGH,nse_symbols_consolidated.csv,2026-08-26,,False
2536.0,DIVIDEND,2026-08-14,2026-08-14,,10.0,,,1.0,HIGH,nse_symbols_consolidated.csv,2026-08-26,,False
1944.0,DIVIDEND,2026-08-14,2026-08-14,,10.0,,,1.0,HIGH,nse_symbols_consolidated.csv,2026-08-26,,False
1948.0,DIVIDEND,2026-08-14,2026-08-14,,1.0,,,1.0,HIGH,nse_symbols_consolidated.csv,2026-08-26,,False
,DIVIDEND,2026-08-14,2026-08-15,,100.0,,,0.7,MEDIUM,nse_symbols_consolidated.csv,2026-08-26,UNRESOLVED_SYMBOL,False
1067.0,DIVIDEND,2026-08-14,2026-08-14,,10.0,,,1.0,HIGH,nse_symbols_consolidated.csv,2026-08-26,,False
1205.0,DIVIDEND,2026-08-14,2026-08-14,,10.0,,,1.0,HIGH,nse_symbols_consolidated.csv,2026-08-26,,False
1237.0,DIVIDEND,2026-08-14,2026-08-14,,10.0,,,1.0,HIGH,nse_symbols_consolidated.csv,2026-08-26,,False
1957.0,DIVIDEND,2026-08-14,2026-08-14,,1.0,,,1.0,HIGH,nse_symbols_consolidated.csv,2026-08-26,,False
1315.0,DIVIDEND,2026-08-14,2026-08-14,,1.0,,,1.0,HIGH,nse_symbols_consolidated.csv,2026-08-26,,False
1756.0,DIVIDEND,2026-08-14,2026-08-14,,10.0,,,1.0,HIGH,nse_symbols_consolidated.csv,2026-08-26,,False
1789.0,DIVIDEND,2026-08-14,2026-08-14,,10.0,,,1.0,HIGH,nse_symbols_consolidated.csv,2026-08-26,,False
1802.0,DIVIDEND,2026-08-14,2026-08-14,,2.0,,,1.0,HIGH,nse_symbols_consolidated.csv,2026-08-26,,False
1831.0,DIVIDEND,2026-08-14,2026-08-14,,10.0,,,1.0,HIGH,nse_symbols_consolidated.csv,2026-08-26,,False
1835.0,DIVIDEND,2026-08-14,2026-08-14,,10.0,,,1.0,HIGH,nse_symbols_consolidated.csv,2026-08-26,,False
1853.0,DIVIDEND,2026-08-14,2026-08-14,,1.0,,,1.0,HIGH,nse_symbols_consolidated.csv,2026-08-26,,False
1375.0,DIVIDEND,2026-08-14,2026-08-14,,10.0,,,1.0,HIGH,nse_symbols_consolidated.csv,2026-08-26,,False
1889.0,DIVIDEND,2026-08-14,2026-08-14,,5.0,,,1.0,HIGH,nse_symbols_consolidated.csv,2026-08-26,,False
2116.0,DIVIDEND,2026-08-14,2026-08-14,,1.0,,,1.0,HIGH,nse_symbols_consolidated.csv,2026-08-26,,False
1414.0,DIVIDEND,2026-08-14,2026-08-14,,2.0,,,1.0,HIGH,nse_symbols_consolidated.csv,2026-08-26,,False
1443.0,DIVIDEND,2026-08-14,2026-08-14,,2.0,,,1.0,HIGH,nse_symbols_consolidated.csv,2026-08-26,,False
2205.0,DIVIDEND,2026-08-14,2026-08-14,,10.0,,,1.0,HIGH,nse_symbols_consolidated.csv,2026-08-26,,False
1528.0,DIVIDEND,2026-08-14,2026-08-14,,5.0,,,1.0,HIGH,nse_symbols_consolidated.csv,2026-08-26,,False
158.0,DIVIDEND,2026-08-14,2026-08-14,,10.0,,,1.0,HIGH,nse_symbols_consolidated.csv,2026-08-26,,False
,UNKNOWN,2026-08-17,2026-08-17,,100.0,,,0.55,LOW,nse_symbols_consolidated.csv,2026-08-26,"UNKNOWN_ACTION_TYPE,UNRESOLVED_SYMBOL",True
,DIVIDEND,2026-08-17,2026-08-17,,100.0,,,0.7,MEDIUM,nse_symbols_consolidated.csv,2026-08-26,UNRESOLVED_SYMBOL,False
573.0,DIVIDEND,2026-08-17,2026-08-17,,1.0,,,1.0,HIGH,nse_symbols_consolidated.csv,2026-08-26,,False
715.0,DIVIDEND,2026-08-17,2026-08-17,,10.0,,,1.0,HIGH,nse_symbols_consolidated.csv,2026-08-26,,False
295.0,DIVIDEND,2026-08-17,2026-08-17,,10.0,,,1.0,HIGH,nse_symbols_consolidated.csv,2026-08-26,,False
954.0,DIVIDEND,2026-08-17,2026-08-17,,10.0,,,1.0,HIGH,nse_symbols_consolidated.csv,2026-08-26,,False
1527.0,DIVIDEND,2026-08-17,2026-08-17,,1.0,,,1.0,HIGH,nse_symbols_consolidated.csv,2026-08-26,,False
987.0,DIVIDEND,2026-08-17,2026-08-17,,2.0,,,1.0,HIGH,nse_symbols_consolidated.csv,2026-08-26,,False
1659.0,DIVIDEND,2026-08-17,2026-08-17,,2.0,,,1.0,HIGH,nse_symbols_consolidated.csv,2026-08-26,,False
1716.0,DIVIDEND,2026-08-17,2026-08-17,,5.0,,,1.0,HIGH,nse_symbols_consolidated.csv,2026-08-26,,False
2078.0,DIVIDEND,2026-08-17,2026-08-17,,2.0,,,1.0,HIGH,nse_symbols_consolidated.csv,2026-08-26,,False
2093.0,DIVIDEND,2026-08-17,2026-08-17,,10.0,,,1.0,HIGH,nse_symbols_consolidated.csv,2026-08-26,,False
1370.0,DIVIDEND,2026-08-17,2026-08-17,,2.0,,,1.0,HIGH,nse_symbols_consolidated.csv,2026-08-26,,False
976.0,DIVIDEND,2026-08-17,2026-08-17,,10.0,,,1.0,HIGH,nse_symbols_consolidated.csv,2026-08-26,,False
1005.0,CAPITAL_REDUCTION,2026-08-18,2026-08-18,,10.0,,,1.0,HIGH,nse_symbols_consolidated.csv,2026-08-26,,False
2229.0,DIVIDEND,2026-08-18,2026-08-18,,10.0,,,1.0,HIGH,nse_symbols_consolidated.csv,2026-08-26,,False
,UNKNOWN,2026-08-18,2026-08-18,,100.0,,,0.55,LOW,nse_symbols_consolidated.csv,2026-08-26,"UNKNOWN_ACTION_TYPE,UNRESOLVED_SYMBOL",True
1553.0,DIVIDEND,2026-08-18,2026-08-18,,5.0,,,1.0,HIGH,nse_symbols_consolidated.csv,2026-08-26,,False
2289.0,DIVIDEND,2026-08-18,2026-08-18,,10.0,,,1.0,HIGH,nse_symbols_consolidated.csv,2026-08-26,,False
1133.0,DIVIDEND,2026-08-18,2026-08-18,,2.0,,,1.0,HIGH,nse_symbols_consolidated.csv,2026-08-26,,False
1216.0,SPLIT,2026-08-18,2026-08-18,,0.5,,,1.0,HIGH,nse_symbols_consolidated.csv,2026-08-26,,False
,UNKNOWN,2026-08-18,2026-08-18,,100.0,,,0.55,LOW,nse_symbols_consolidated.csv,2026-08-26,"UNKNOWN_ACTION_TYPE,UNRESOLVED_SYMBOL",True
1879.0,DIVIDEND,2026-08-18,2026-08-18,,2.0,,,1.0,HIGH,nse_symbols_consolidated.csv,2026-08-26,,False
1882.0,DIVIDEND,2026-08-18,2026-08-18,,10.0,,,1.0,HIGH,nse_symbols_consolidated.csv,2026-08-26,,False
1434.0,DIVIDEND,2026-08-18,2026-08-18,,10.0,,,1.0,HIGH,nse_symbols_consolidated.csv,2026-08-26,,False
1911.0,DIVIDEND,2026-08-18,2026-08-18,,10.0,,,1.0,HIGH,nse_symbols_consolidated.csv,2026-08-26,,False
2161.0,DIVIDEND,2026-08-18,2026-08-18,,10.0,,,1.0,HIGH,nse_symbols_consolidated.csv,2026-08-26,,False
2190.0,DIVIDEND,2026-08-18,2026-08-18,,5.0,,,1.0,HIGH,nse_symbols_consolidated.csv,2026-08-26,,False
644.0,DIVIDEND,2026-08-18,2026-08-18,,2.0,,,1.0,HIGH,nse_symbols_consolidated.csv,2026-08-26,,False
,DIVIDEND,2026-08-19,2026-08-19,,100.0,,,0.7,MEDIUM,nse_symbols_consolidated.csv,2026-08-26,UNRESOLVED_SYMBOL,False
,DIVIDEND,2026-08-19,2026-08-19,,100.0,,,0.7,MEDIUM,nse_symbols_consolidated.csv,2026-08-26,UNRESOLVED_SYMBOL,False
304.0,DIVIDEND,2026-08-19,2026-08-19,,5.0,,,1.0,HIGH,nse_symbols_consolidated.csv,2026-08-26,,False
740.0,DIVIDEND,2026-08-19,2026-08-19,,5.0,,,1.0,HIGH,nse_symbols_consolidated.csv,2026-08-26,,False
449.0,DIVIDEND,2026-08-19,2026-08-19,,1.0,,,1.0,HIGH,nse_symbols_consolidated.csv,2026-08-26,,False
884.0,DIVIDEND,2026-08-19,2026-08-19,,5.0,,,1.0,HIGH,nse_symbols_consolidated.csv,2026-08-26,,False
967.0,DIVIDEND,2026-08-19,2026-08-19,,10.0,,,1.0,HIGH,nse_symbols_consolidated.csv,2026-08-26,,False
,UNKNOWN,2026-08-19,2026-08-19,,100.0,,,0.55,LOW,nse_symbols_consolidated.csv,2026-08-26,"UNKNOWN_ACTION_TYPE,UNRESOLVED_SYMBOL",True
1107.0,DIVIDEND,2026-08-19,2026-08-19,,2.0,,,1.0,HIGH,nse_symbols_consolidated.csv,2026-08-26,,False
1130.0,DIVIDEND,2026-08-19,2026-08-19,,10.0,,,1.0,HIGH,nse_symbols_consolidated.csv,2026-08-26,,False
,DIVIDEND,2026-08-19,2026-08-19,,100.0,,,0.7,MEDIUM,nse_symbols_consolidated.csv,2026-08-26,UNRESOLVED_SYMBOL,False
1652.0,DIVIDEND,2026-08-19,2026-08-19,,10.0,,,1.0,HIGH,nse_symbols_consolidated.csv,2026-08-26,,False
1238.0,DIVIDEND,2026-08-19,2026-08-19,,10.0,,,1.0,HIGH,nse_symbols_consolidated.csv,2026-08-26,,False
1264.0,RIGHTS,2026-08-19,2026-08-19,,2.0,,,1.0,HIGH,nse_symbols_consolidated.csv,2026-08-26,,False
1303.0,DIVIDEND,2026-08-19,2026-08-19,,10.0,,,1.0,HIGH,nse_symbols_consolidated.csv,2026-08-26,,False
2236.0,DIVIDEND,2026-08-19,2026-08-19,,10.0,,,1.0,HIGH,nse_symbols_consolidated.csv,2026-08-26,,False
628.0,DIVIDEND,2026-08-19,2026-08-19,,10.0,,,1.0,HIGH,nse_symbols_consolidated.csv,2026-08-26,,False
537.0,DIVIDEND,2026-08-20,2026-08-20,,10.0,,,1.0,HIGH,nse_symbols_consolidated.csv,2026-08-26,,False
1516.0,DIVIDEND,2026-08-20,2026-08-20,,2.0,,,1.0,HIGH,nse_symbols_consolidated.csv,2026-08-26,,False
1560.0,DIVIDEND,2026-08-20,2026-08-20,,2.0,,,1.0,HIGH,nse_symbols_consolidated.csv,2026-08-26,,False
1561.0,DIVIDEND,2026-08-20,2026-08-20,,2.0,,,1.0,HIGH,nse_symbols_consolidated.csv,2026-08-26,,False
1603.0,DIVIDEND,2026-08-20,2026-08-20,,2.0,,,1.0,HIGH,nse_symbols_consolidated.csv,2026-08-26,,False
1170.0,DIVIDEND,2026-08-20,2026-08-20,,10.0,,,1.0,HIGH,nse_symbols_consolidated.csv,2026-08-26,,False
1269.0,DIVIDEND,2026-08-20,2026-08-20,,1.0,,,1.0,HIGH,nse_symbols_consolidated.csv,2026-08-26,,False
1285.0,DIVIDEND,2026-08-20,2026-08-20,,2.0,,,1.0,HIGH,nse_symbols_consolidated.csv,2026-08-26,,False
2039.0,DIVIDEND,2026-08-20,2026-08-20,,10.0,,,1.0,HIGH,nse_symbols_consolidated.csv,2026-08-26,,False
1391.0,DIVIDEND,2026-08-20,2026-08-20,,1.0,,,1.0,HIGH,nse_symbols_consolidated.csv,2026-08-26,,False
1405.0,DIVIDEND,2026-08-20,2026-08-20,,5.0,,,1.0,HIGH,nse_symbols_consolidated.csv,2026-08-26,,False
2170.0,DIVIDEND,2026-08-20,2026-08-20,,5.0,,,1.0,HIGH,nse_symbols_consolidated.csv,2026-08-26,,False
1496.0,DIVIDEND,2026-08-20,2026-08-20,,2.0,,,1.0,HIGH,nse_symbols_consolidated.csv,2026-08-26,,False
2439.0,RIGHTS,2026-08-20,2026-08-20,,10.0,,,1.0,HIGH,nse_symbols_consolidated.csv,2026-08-26,,False
484.0,DIVIDEND,2026-08-20,2026-08-20,,2.0,,,1.0,HIGH,nse_symbols_consolidated.csv,2026-08-26,,False
132.0,DIVIDEND,2026-08-21,2026-08-21,,10.0,,,1.0,HIGH,nse_symbols_consolidated.csv,2026-08-26,,False
2465.0,DIVIDEND,2026-08-21,2026-08-21,,2.0,,,1.0,HIGH,nse_symbols_consolidated.csv,2026-08-26,,False
610.0,DIVIDEND,2026-08-21,2026-08-21,,10.0,,,1.0,HIGH,nse_symbols_consolidated.csv,2026-08-26,,False
642.0,DIVIDEND,2026-08-21,2026-08-21,,10.0,,,1.0,HIGH,nse_symbols_consolidated.csv,2026-08-26,,False
764.0,CAPITAL_REDUCTION,2026-08-21,2026-08-21,,5.0,,,1.0,HIGH,nse_symbols_consolidated.csv,2026-08-26,,False
840.0,BONUS,2026-08-21,2026-08-21,,0.3333333333333333,,,1.0,HIGH,nse_symbols_consolidated.csv,2026-08-26,,False
103.0,DIVIDEND,2026-08-21,2026-08-21,,10.0,,,1.0,HIGH,nse_symbols_consolidated.csv,2026-08-26,,False
113.0,DIVIDEND,2026-08-21,2026-08-21,,10.0,,,1.0,HIGH,nse_symbols_consolidated.csv,2026-08-26,,False
889.0,DIVIDEND,2026-08-21,2026-08-21,,2.0,,,1.0,HIGH,nse_symbols_consolidated.csv,2026-08-26,,False
1559.0,DIVIDEND,2026-08-21,2026-08-21,,1.0,,,1.0,HIGH,nse_symbols_consolidated.csv,2026-08-26,,False
2548.0,DIVIDEND,2026-08-21,2026-08-21,,1.0,,,1.0,HIGH,nse_symbols_consolidated.csv,2026-08-26,,False
1119.0,DIVIDEND,2026-08-21,2026-08-21,,1.0,,,1.0,HIGH,nse_symbols_consolidated.csv,2026-08-26,,False
1141.0,DIVIDEND,2026-08-21,2026-08-21,,2.0,,,1.0,HIGH,nse_symbols_consolidated.csv,2026-08-26,,False
1611.0,DIVIDEND,2026-08-21,2026-08-21,,10.0,,,1.0,HIGH,nse_symbols_consolidated.csv,2026-08-26,,False
1168.0,DIVIDEND,2026-08-21,2026-08-21,,10.0,,,1.0,HIGH,nse_symbols_consolidated.csv,2026-08-26,,False
1675.0,DIVIDEND,2026-08-21,2026-08-21,,2.0,,,1.0,HIGH,nse_symbols_consolidated.csv,2026-08-26,,False
1675.0,DIVIDEND,2026-08-21,2026-08-21,,2.0,,,1.0,HIGH,nse_symbols_consolidated.csv,2026-08-26,,False
1261.0,DIVIDEND,2026-08-21,2026-08-21,,1.0,,,1.0,HIGH,nse_symbols_consolidated.csv,2026-08-26,,False
1740.0,DIVIDEND,2026-08-21,2026-08-21,,2.0,,,1.0,HIGH,nse_symbols_consolidated.csv,2026-08-26,,False
1984.0,DIVIDEND,2026-08-21,2026-08-21,,10.0,,,1.0,HIGH,nse_symbols_consolidated.csv,2026-08-26,,False
1308.0,DIVIDEND,2026-08-21,2026-08-21,,2.0,,,1.0,HIGH,nse_symbols_consolidated.csv,2026-08-26,,False
2044.0,DIVIDEND,2026-08-21,2026-08-21,,2.0,,,1.0,HIGH,nse_symbols_consolidated.csv,2026-08-26,,False
1807.0,DIVIDEND,2026-08-21,2026-08-21,,10.0,,,1.0,HIGH,nse_symbols_consolidated.csv,2026-08-26,,False
2089.0,MERGER,2026-08-21,2026-08-22,,2.0,,,1.0,HIGH,nse_symbols_consolidated.csv,2026-08-26,,False
2089.0,MERGER,2026-08-21,2026-08-22,,2.0,,,1.0,HIGH,nse_symbols_consolidated.csv,2026-08-26,,False
1403.0,DIVIDEND,2026-08-21,2026-08-21,,5.0,,,1.0,HIGH,nse_symbols_consolidated.csv,2026-08-26,,False
2117.0,DIVIDEND,2026-08-21,2026-08-21,,2.0,,,1.0,HIGH,nse_symbols_consolidated.csv,2026-08-26,,False
2378.0,DIVIDEND,2026-08-21,2026-08-21,,10.0,,,1.0,HIGH,nse_symbols_consolidated.csv,2026-08-26,,False
1924.0,DIVIDEND,2026-08-21,2026-08-21,,10.0,,,1.0,HIGH,nse_symbols_consolidated.csv,2026-08-26,,False
2406.0,DIVIDEND,2026-08-21,2026-08-21,,10.0,,,1.0,HIGH,nse_symbols_consolidated.csv,2026-08-26,,False
1469.0,DIVIDEND,2026-08-21,2026-08-21,,10.0,,,1.0,HIGH,nse_symbols_consolidated.csv,2026-08-26,,False
2207.0,DIVIDEND,2026-08-21,2026-08-21,,5.0,,,1.0,HIGH,nse_symbols_consolidated.csv,2026-08-26,,False
2426.0,DIVIDEND,2026-08-21,2026-08-22,,10.0,,,1.0,HIGH,nse_symbols_consolidated.csv,2026-08-26,,False
570.0,DIVIDEND,2026-08-21,2026-08-21,,5.0,,,1.0,HIGH,nse_symbols_consolidated.csv,2026-08-26,,False
139.0,DIVIDEND,2026-08-24,2026-08-24,,2.0,,,1.0,HIGH,nse_symbols_consolidated.csv,2026-08-26,,False
797.0,DIVIDEND,2026-08-24,2026-08-24,,10.0,,,1.0,HIGH,nse_symbols_consolidated.csv,2026-08-26,,False
801.0,DIVIDEND,2026-08-24,2026-08-24,,2.0,,,1.0,HIGH,nse_symbols_consolidated.csv,2026-08-26,,False
1000.0,DIVIDEND,2026-08-24,2026-08-24,,2.0,,,1.0,HIGH,nse_symbols_consolidated.csv,2026-08-26,,False
1518.0,DIVIDEND,2026-08-24,2026-08-24,,5.0,,,1.0,HIGH,nse_symbols_consolidated.csv,2026-08-26,,False
1071.0,DIVIDEND,2026-08-24,2026-08-24,,1.0,,,1.0,HIGH,nse_symbols_consolidated.csv,2026-08-26,,False
1685.0,DIVIDEND,2026-08-24,2026-08-24,,1.0,,,1.0,HIGH,nse_symbols_consolidated.csv,2026-08-26,,False
1993.0,DIVIDEND,2026-08-24,2026-08-24,,5.0,,,1.0,HIGH,nse_symbols_consolidated.csv,2026-08-26,,False
2091.0,DIVIDEND,2026-08-24,2026-08-24,,10.0,,,1.0,HIGH,nse_symbols_consolidated.csv,2026-08-26,,False
2264.0,SPLIT,2026-08-24,2026-08-24,,0.5,,,1.0,HIGH,nse_symbols_consolidated.csv,2026-08-26,,False
568.0,DIVIDEND,2026-08-25,2026-08-25,,10.0,,,1.0,HIGH,nse_symbols_consolidated.csv,2026-08-26,,False
596.0,DIVIDEND,2026-08-25,2026-08-26,,10.0,,,1.0,HIGH,nse_symbols_consolidated.csv,2026-08-26,,False
630.0,RIGHTS,2026-08-25,2026-08-25,,1.0,,,1.0,HIGH,nse_symbols_consolidated.csv,2026-08-26,,False
252.0,DIVIDEND,2026-08-25,2026-08-26,,1.0,,,1.0,HIGH,nse_symbols_consolidated.csv,2026-08-26,,False
502.0,SPLIT,2026-08-25,2026-08-26,,0.1,,,1.0,HIGH,nse_symbols_consolidated.csv,2026-08-26,,False
1394.0,DIVIDEND,2026-08-25,2026-08-26,,10.0,,,1.0,HIGH,nse_symbols_consolidated.csv,2026-08-26,,False
1968.0,DIVIDEND,2026-08-25,2026-08-26,,2.0,,,1.0,HIGH,nse_symbols_consolidated.csv,2026-08-26,,False
1756.0,DIVIDEND,2026-08-25,2026-08-26,,10.0,,,1.0,HIGH,nse_symbols_consolidated.csv,2026-08-26,,False
1793.0,RIGHTS,2026-08-25,2026-08-25,,10.0,,,1.0,HIGH,nse_symbols_consolidated.csv,2026-08-26,,False
1826.0,RIGHTS,2026-08-25,2026-08-26,,10.0,,,1.0,HIGH,nse_symbols_consolidated.csv,2026-08-26,,False
1587.0,DIVIDEND,2026-08-25,2026-08-26,,10.0,,,1.0,HIGH,nse_symbols_consolidated.csv,2026-08-26,,False
